year_subplot,year,treatment,subplot,tx,seed,richness,grassrich,grasscov,forbrich,forbcov,woodyrich,woodycov,woodyyn,invasrich,invyn,invascov,bgcov,date,po,bg,per,tec,ph,om,nrelease,s,p,ca,mg,k,na,b,fe,mn,cu,zn,al,no3,nh4,c,tree_ht,tree_bd
2019_01A,2019,l20_wslc,01A,A,L20,NA,NA,NA,NA,NA,NA,NA,NA,NA,NA,NA,NA,NA,2.833466204,23.45976991,11.52300699,10.15,6,2.08,62,15,47,1103,268,100,18,1.07,221,153,1.89,2.71,563,3,13.9,0.93,NA,NA
2019_01B,2019,l20_lc,01B,B,L20,NA,NA,NA,NA,NA,NA,NA,NA,NA,NA,NA,NA,NA,8.556959585,94.75846157,11.66458352,13.83,6.5,2.45,69,12,23,1580,467,100,15,2.75,149,112,2.27,1.54,543,1.1,11.3,1.07,NA,NA
2019_01C,2019,l20_ws,01C,C,L20,NA,NA,NA,NA,NA,NA,NA,NA,NA,NA,NA,NA,NA,4.034399062,64.91454934,18.52434132,12.04,5.7,2.94,79,13,27,1123,303,91,12,1.07,149,82,1.64,3.81,554,3.7,3.9,2.19,NA,NA
2019_01D,2019,l20_ctrl,01D,D,L20,NA,NA,NA,NA,NA,NA,NA,NA,NA,NA,NA,NA,NA,NA,73.72866518,11.02727538,13.05,6.1,2.53,71,16,31,1381,370,196,28,3.28,219,138,2.07,2.93,576,0,14.4,1.15,NA,NA
2019_02A,2019,l5_wslc,02A,A,L5,NA,NA,NA,NA,NA,NA,NA,NA,NA,NA,NA,NA,NA,NA,67.04442668,7.560918721,13.4,6.9,2.56,71,10,22,1696,462,84,11,1.77,127,126,2.09,1.49,496,2,8.9,1.21,NA,NA
2019_02B,2019,l5_lc,02B,B,L5,NA,NA,NA,NA,NA,NA,NA,NA,NA,NA,NA,NA,NA,2.290823331,81.18225727,9.65656511,20.54,6.8,3.73,87,11,33,2600,667,142,12,1.13,147,117,2.59,1.54,640,2.5,4.8,1.71,NA,NA
2019_02C,2019,l5_ws,02C,C,L5,NA,NA,NA,NA,NA,NA,NA,NA,NA,NA,NA,NA,NA,0.865887237,338.0039722,8.349206301,14.9,6.6,2.83,77,11,26,1810,472,101,12,1.19,144,84,2.1,1.41,507,1.7,3.5,1.91,NA,NA
2019_02D,2019,l5_ctrl,02D,D,L5,NA,NA,NA,NA,NA,NA,NA,NA,NA,NA,NA,NA,NA,0.33461651,190.7824439,13.29300188,16.59,6.5,3.31,83,12,22,1986,514,102,14,1.12,139,75,2.24,1.04,589,0.9,5.1,1.59,NA,NA
2019_03A,2019,l20_wslc,03A,A,H5,NA,NA,NA,NA,NA,NA,NA,NA,NA,NA,NA,NA,NA,NA,27.73012223,9.336043374,20.69,6.7,4.03,90,12,42,2489,712,139,11,1.24,141,86,2.47,1.86,632,3.6,9.8,2.09,NA,NA
2019_03B,2019,l20_lc,03B,B,H5,NA,NA,NA,NA,NA,NA,NA,NA,NA,NA,NA,NA,NA,1.862047026,117.5895664,2.457143699,16.7,7.4,3.29,83,9,32,2053,644,139,10,0.81,121,100,2.51,1.32,556,1.9,2.5,1.91,NA,NA
2019_03C,2019,l20_ws,03C,C,H5,NA,NA,NA,NA,NA,NA,NA,NA,NA,NA,NA,NA,NA,3.4096856,158.1294992,5.855094905,17.98,6.6,3.5,85,12,27,2180,576,104,16,1.07,161,58,2.37,1.32,656,0.6,3.5,1.83,NA,NA
2019_03D,2019,l20_ctrl,03D,D,H5,NA,NA,NA,NA,NA,NA,NA,NA,NA,NA,NA,NA,NA,0.881419894,NA,10.08602814,15.98,7.3,2.88,78,9,24,2003,596,112,13,1.03,136,108,2.27,1.06,534,2.5,5.5,1.52,NA,NA
2019_04A,2019,l5_wslc,04A,A,L5,NA,NA,NA,NA,NA,NA,NA,NA,NA,NA,NA,NA,NA,6.349731377,46.20598174,19.66212187,15.62,6.4,3.29,83,12,45,1750,514,135,12,0.72,153,92,1.56,1.21,599,0.7,7.8,1.78,NA,NA
2019_04B,2019,l5_lc,04B,B,L5,NA,NA,NA,NA,NA,NA,NA,NA,NA,NA,NA,NA,NA,2.935962183,263.2433233,9.423856505,17.69,7.5,2.49,70,8,40,2575,455,112,11,0.79,109,143,1.91,1.09,424,2.3,1.1,3.1,NA,NA
2019_04C,2019,l5_ws,04C,C,L5,NA,NA,NA,NA,NA,NA,NA,NA,NA,NA,NA,NA,NA,1.815730064,696.583328,12.82305359,13.28,6.1,2.77,75,12,29,1425,401,107,12,0.68,122,66,1.08,0.65,612,2.2,6.9,1.3,NA,NA
2019_04D,2019,l5_ctrl,04D,D,L5,NA,NA,NA,NA,NA,NA,NA,NA,NA,NA,NA,NA,NA,3.622153396,NA,10.76673127,16.5,7.2,2.47,69,9,24,2037,637,104,11,2.64,116,150,1.78,0.61,533,2.7,8.3,1.37,NA,NA
2019_05A,2019,h20_wlc,05A,A,H20,NA,NA,NA,NA,NA,NA,NA,NA,NA,NA,NA,NA,NA,8.942246011,298.1026298,26.76257726,24.63,6.9,4.77,98,18,44,2894,959,164,63,2.23,232,121,3.12,2.42,632,3.6,15,2.31,NA,NA
2019_05B,2019,h20_lc,05B,B,H20,NA,NA,NA,NA,NA,NA,NA,NA,NA,NA,NA,NA,NA,6.56548192,364.1692082,22.05525588,21.65,6.7,5.43,102,27,52,2415,828,175,54,1.21,270,127,3.06,2.82,587,7.2,4.7,2.63,NA,NA
2019_05C,2019,h20_ws,05C,C,H20,NA,NA,NA,NA,NA,NA,NA,NA,NA,NA,NA,NA,NA,0.678398208,418.7240223,14.69764924,16.59,6.4,3.73,87,14,28,1777,603,99,23,1.21,160,92,2.19,1.71,588,3.8,13.6,1.81,NA,NA
2019_05D,2019,h20_ctrl,05D,D,H20,NA,NA,NA,NA,NA,NA,NA,NA,NA,NA,NA,NA,NA,1.778075304,214.518726,10.33256587,21.05,6.3,4.42,94,14,35,2205,762,125,16,0.72,189,91,2.4,1.62,706,0.6,3.3,2.04,NA,NA
2019_06A,2019,h5_wslc,06A,A,H5,NA,NA,NA,NA,NA,NA,NA,NA,NA,NA,NA,NA,NA,0.6479094,25.45538501,2.131051448,17.73,6.5,3.54,85,11,30,2040,596,118,14,0.77,179,92,2.12,1.74,607,1.4,4,1.71,NA,NA
2019_06B,2019,h5_lc,06B,B,H5,NA,NA,NA,NA,NA,NA,NA,NA,NA,NA,NA,NA,NA,0.806120199,446.8074964,7.130780388,19.11,6.5,3.49,85,12,24,2253,617,104,15,1.02,143,82,2.32,1.16,625,2.2,5.5,2.15,NA,NA
2019_06C,2019,h5_ws,06C,C,H5,NA,NA,NA,NA,NA,NA,NA,NA,NA,NA,NA,NA,NA,2.088720833,287.4606323,13.89511954,22.11,6.4,4.43,94,16,41,2270,861,139,31,0.79,203,92,2.36,1.81,668,4.1,6.8,2.15,NA,NA
2019_06D,2019,h5_ctrl,06D,D,H5,NA,NA,NA,NA,NA,NA,NA,NA,NA,NA,NA,NA,NA,1.71109474,254.1802675,10.59714843,18.88,6.3,3.9,89,14,35,2044,638,131,14,1.21,181,103,2.24,1.87,614,3.9,16.5,2.02,NA,NA
2019_07A,2019,h20_wlc,07A,A,H20,NA,NA,NA,NA,NA,NA,NA,NA,NA,NA,NA,NA,NA,NA,NA,NA,18.63,6.6,3.14,81,12,25,2256,602,101,14,2.36,156,92,2.49,1.47,625,2.1,8.5,1.74,NA,NA
2019_07B,2019,h20_lc,07B,B,H20,NA,NA,NA,NA,NA,NA,NA,NA,NA,NA,NA,NA,NA,0.841090675,138.6084492,8.19433286,12.87,6.5,2.23,65,10,20,1488,427,87,12,1.14,124,51,1.19,0.73,528,2.5,7.4,1.05,NA,NA
2019_07C,2019,h20_ws,07C,C,H20,NA,NA,NA,NA,NA,NA,NA,NA,NA,NA,NA,NA,NA,1.63732318,224.6209229,3.922781695,17.28,7.2,2.8,76,11,34,2203,619,126,13,1.08,149,130,2.43,1.25,516,4.3,6.6,1.65,NA,NA
2019_07D,2019,h20_ctrl,07D,D,H20,NA,NA,NA,NA,NA,NA,NA,NA,NA,NA,NA,NA,NA,3.191831278,162.5894824,10.61822235,15.9,6.8,2.83,77,12,31,1928,563,116,14,1.42,148,115,2.09,1.18,587,2.6,6.9,1.24,NA,NA
2019_08A,2019,h20_wlc,08A,A,H20,NA,NA,NA,NA,NA,NA,NA,NA,NA,NA,NA,NA,NA,2.907154435,38.83585683,13.96594268,12.98,5.1,2.17,63,15,50,918,205,94,13,0.78,145,52,0.67,0.51,713,2.2,10.1,0.98,NA,NA
2019_08B,2019,h20_lc,08B,B,H20,NA,NA,NA,NA,NA,NA,NA,NA,NA,NA,NA,NA,NA,2.436631246,101.0835667,5.938621812,16.23,7.1,2.32,66,6,13,1862,705,116,12,1.09,125,134,1.99,0.7,641,2.3,2,0.9,NA,NA
2019_08C,2019,h20_ws,08C,C,H20,NA,NA,NA,NA,NA,NA,NA,NA,NA,NA,NA,NA,NA,5.062844985,NA,8.217085035,13.76,7.1,2.92,78,10,55,1711,507,132,12,1.13,165,105,2.05,1.42,566,3.1,6.1,1.33,NA,NA
2019_08D,2019,h20_ws,08D,D,H20,NA,NA,NA,NA,NA,NA,NA,NA,NA,NA,NA,NA,NA,0.618704144,NA,8.623287228,15.11,6.5,2.48,70,11,48,1903,396,145,11,1.13,144,101,1.49,0.78,670,1.1,9.9,1.05,NA,NA
2019_09A,2019,l5_wslc,09A,A,L5,NA,NA,NA,NA,NA,NA,NA,NA,NA,NA,NA,NA,NA,6.065302271,309.4034152,NA,16.71,7.1,3.18,82,14,29,1775,803,127,22,0.82,168,114,2.35,1.27,593,4.5,5.8,1.49,NA,NA
2019_09B,2019,l5_lc,09B,B,L5,NA,NA,NA,NA,NA,NA,NA,NA,NA,NA,NA,NA,NA,3.38641321,NA,6.818570995,15.33,7.3,2.45,69,9,39,1850,613,115,12,0.9,122,107,2.12,1.17,521,4.9,2.7,1.53,NA,NA
2019_09C,2019,l5_ctrl,09C,C,L5,NA,NA,NA,NA,NA,NA,NA,NA,NA,NA,NA,NA,NA,7.23594123,NA,4.528655369,15.86,7,3.36,84,12,25,1647,785,105,26,0.57,161,113,2.21,1.29,588,1.7,2.9,1.63,NA,NA
2019_09D,2019,l5_ws,09D,D,L5,NA,NA,NA,NA,NA,NA,NA,NA,NA,NA,NA,NA,NA,2.413248738,137.4744285,5.582892294,14.87,7.4,2.73,75,9,30,1867,554,106,12,1.7,113,93,2.15,0.95,479,6.6,8.8,1.61,NA,NA
2019_10A,2019,l5_wslc,10A,A,L5,NA,NA,NA,NA,NA,NA,NA,NA,NA,NA,NA,NA,NA,4.689032402,150.9770158,NA,14.18,7.2,3.06,81,10,24,1730,557,92,13,0.8,140,96,1.84,1.05,512,3.5,2.9,1.46,NA,NA
2019_10B,2019,l5_lc,10B,B,L5,NA,NA,NA,NA,NA,NA,NA,NA,NA,NA,NA,NA,NA,1.60082449,214.9025064,NA,14.89,7.3,2.76,75,8,22,1870,555,97,13,0.65,121,113,2.13,1.7,495,3.1,2.8,1.33,NA,NA
2019_10C,2019,l5_ws,10C,C,L5,NA,NA,NA,NA,NA,NA,NA,NA,NA,NA,NA,NA,NA,3.714011243,180.7977803,4.259106953,11.23,6,2.25,65,11,24,1174,342,68,11,0.6,147,67,1.3,0.76,535,1.4,6.8,1.01,NA,NA
2019_10D,2019,l5_ctrl,10D,D,L5,NA,NA,NA,NA,NA,NA,NA,NA,NA,NA,NA,NA,NA,1.958180631,938.5587387,6.704429901,15.04,6.9,2.56,71,9,27,1910,515,94,12,1.05,141,105,1.65,0.91,567,2.8,6.7,1.22,NA,NA
2019_11A,2019,l20_wslc,11A,A,L20,NA,NA,NA,NA,NA,NA,NA,NA,NA,NA,NA,NA,NA,0.240442442,1220.322296,NA,21.81,7.5,2.66,73,11,32,3201,549,125,14,3.03,126,124,2.2,0.97,416,4.7,7.5,2.09,NA,NA
2019_11B,2019,l20_lc,11B,B,L20,NA,NA,NA,NA,NA,NA,NA,NA,NA,NA,NA,NA,NA,2.119574774,139.2853869,4.503266773,16.27,7.1,3.12,81,14,48,2093,565,124,18,1.74,235,132,2.57,2.61,582,3,6.6,1.48,NA,NA
2019_11C,2019,l20_ws,11C,C,L20,NA,NA,NA,NA,NA,NA,NA,NA,NA,NA,NA,NA,NA,3.749944478,237.749193,NA,16.89,7.2,2.99,80,10,31,2082,647,125,14,1.17,122,125,2.02,1.2,580,5.3,6.4,1.43,NA,NA
2019_11D,2019,l20_ctrl,11D,D,L20,NA,NA,NA,NA,NA,NA,NA,NA,NA,NA,NA,NA,NA,NA,123.1618848,3.848522376,15.13,7.5,2.8,76,9,31,1868,579,124,13,1.18,117,134,2,0.89,556,3.3,3.2,1.53,NA,NA
2019_12A,2019,h5_wslc,12A,A,H5,NA,NA,NA,NA,NA,NA,NA,NA,NA,NA,NA,NA,NA,5.064349291,253.5433482,12.06267619,16.6,7.1,3.37,84,12,62,2655,266,133,13,1.98,171,177,2.35,1.25,640,3,9.3,1.59,NA,NA
2019_12B,2019,h5_lc,12B,B,H5,NA,NA,NA,NA,NA,NA,NA,NA,NA,NA,NA,NA,NA,NA,1604.886102,8.379408135,17.83,7,4.31,93,15,82,2622,412,167,16,1.6,174,126,2.02,1.89,483,11.6,8.2,2.16,NA,NA
2019_12C,2019,h5_ws,12C,C,H5,NA,NA,NA,NA,NA,NA,NA,NA,NA,NA,NA,NA,NA,3.579617212,341.2336424,16.33776463,13.46,5.7,2.42,68,12,53,1285,321,106,12,1.05,142,69,0.89,0.46,667,3.3,9.8,1.13,NA,NA
2019_12D,2019,h5_ctrl,12D,D,H5,NA,NA,NA,NA,NA,NA,NA,NA,NA,NA,NA,NA,NA,NA,5402.852257,10.32357964,12.08,6.1,2.51,70,10,59,1371,314,117,12,1.1,142,61,1.14,0.41,654,1.6,10.8,1.1,NA,NA
2019_13A,2019,l20_wslc,13A,A,L20,NA,NA,NA,NA,NA,NA,NA,NA,NA,NA,NA,NA,NA,3.758795406,3948.175933,10.37313306,13.36,6.3,3.15,82,11,33,1410,462,100,28,2.05,151,100,1.76,1.24,498,3.8,5.9,1.27,NA,NA
2019_13B,2019,l20_lc,13B,B,L20,NA,NA,NA,NA,NA,NA,NA,NA,NA,NA,NA,NA,NA,2.875533738,1695.800011,4.453861949,13.11,7.1,3.25,82,11,31,1422,601,102,38,1.07,127,86,1.86,1.31,426,4.9,4.1,1.58,NA,NA
2019_13C,2019,l20_ws,13C,C,L20,NA,NA,NA,NA,NA,NA,NA,NA,NA,NA,NA,NA,NA,3.199948882,239.5221985,12.42982896,13.59,6.5,2.96,79,11,25,1585,437,103,18,0.74,161,94,1.67,1.37,521,8.3,12.7,1.29,NA,NA
2019_13D,2019,l20_ctrl,13D,D,L20,NA,NA,NA,NA,NA,NA,NA,NA,NA,NA,NA,NA,NA,2.723982139,NA,11.38066857,12.56,7.1,2.68,74,10,25,1448,534,104,14,1.01,125,95,1.96,1.21,463,6.5,14.5,1.37,NA,NA
2019_14A,2019,l5_wslc,14A,A,L5,NA,NA,NA,NA,NA,NA,NA,NA,NA,NA,NA,NA,NA,4.946738934,178.1703037,12.05307045,18,7.3,3.84,88,16,47,1953,835,151,35,1.17,195,143,2.65,2.1,523,12.2,15.5,2.05,NA,NA
2019_14B,2019,l5_lc,14B,B,L5,NA,NA,NA,NA,NA,NA,NA,NA,NA,NA,NA,NA,NA,3.934816274,1132.185755,10.29521983,17.08,6.9,3.14,81,10,27,2077,630,139,14,0.81,122,108,2.11,1.57,605,2.9,15.3,1.45,NA,NA
2019_14C,2019,l5_ws,14C,C,L5,NA,NA,NA,NA,NA,NA,NA,NA,NA,NA,NA,NA,NA,4.845399479,883.4321871,6.544288794,17.09,7.4,3.27,83,11,30,1955,739,157,16,1.14,146,161,2.77,1.64,607,5.4,15.8,1.74,NA,NA
2019_14D,2019,l5_ctrl,14D,D,L5,NA,NA,NA,NA,NA,NA,NA,NA,NA,NA,NA,NA,NA,2.109459163,201.1962959,9.422185321,20.88,7.5,3.1,81,12,31,2733,713,152,17,2.28,151,195,2.9,1.57,511,3.7,18.4,2.21,NA,NA
2019_15A,2019,l20_wslc,15A,A,L20,NA,NA,NA,NA,NA,NA,NA,NA,NA,NA,NA,NA,NA,3.231474293,198.3160461,NA,16.94,7.5,2.7,74,9,22,2141,619,138,14,1.26,110,157,2.36,1.35,568,6,12.3,1.57,NA,NA
2019_15B,2019,l20_lc,15B,B,L20,NA,NA,NA,NA,NA,NA,NA,NA,NA,NA,NA,NA,NA,3.485615036,319.1858993,NA,14.66,7.3,2.66,73,10,29,1829,543,129,14,1.05,136,171,2.1,1.44,572,4.3,16.7,1.27,NA,NA
2019_15C,2019,l20_ws,15C,C,L20,NA,NA,NA,NA,NA,NA,NA,NA,NA,NA,NA,NA,NA,2.956122911,352.8292409,6.931201409,16.5,7.4,2.76,75,10,24,2134,575,128,12,1.11,108,161,2.14,1.14,551,13.2,13.2,1.79,NA,NA
2019_15D,2019,l20_ctrl,15D,D,L20,NA,NA,NA,NA,NA,NA,NA,NA,NA,NA,NA,NA,NA,3.832899681,88.33609388,6.662282513,11.71,7.4,2.32,66,9,31,1481,424,97,12,0.94,127,153,1.72,1.06,505,4.1,15.9,1.13,NA,NA
2019_16A,2019,l20_wslc,16A,A,L20,NA,NA,NA,NA,NA,NA,NA,NA,NA,NA,NA,NA,NA,5.735002571,136.3781993,12.07307739,18.2,6.7,3.42,84,15,51,2329,534,141,16,1.07,200,189,2.42,1.91,626,10.9,20.5,1.74,NA,NA
2019_16B,2019,l20_lc,16B,B,L20,NA,NA,NA,NA,NA,NA,NA,NA,NA,NA,NA,NA,NA,6.521751752,154.7180109,15.08175322,15.13,7.1,3.92,89,16,58,1966,506,140,16,0.88,279,167,2.62,1.96,528,6.6,15.4,1.84,NA,NA
2019_16C,2019,l20_ws,16C,C,L20,NA,NA,NA,NA,NA,NA,NA,NA,NA,NA,NA,NA,NA,NA,113.857089,5.219509367,13.93,6.6,2.36,67,12,25,1660,456,106,12,1.13,119,126,1.37,0.91,544,8.1,24.4,1.18,NA,NA
2019_16D,2019,l20_ctrl,16D,D,L20,NA,NA,NA,NA,NA,NA,NA,NA,NA,NA,NA,NA,NA,1.841925011,159.081464,7.574184168,13.5,6,2.59,72,12,48,1579,294,137,12,1.11,135,108,1.31,0.93,645,3.6,21.2,1.27,NA,NA
2019_17A,2019,h20_wlc,17A,A,H20,NA,NA,NA,NA,NA,NA,NA,NA,NA,NA,NA,NA,NA,2.894477689,99.59885344,8.61634975,13.33,5.8,2.57,71,11,20,1346,331,82,14,0.63,151,57,1.63,1.13,494,3.7,13.4,1.14,NA,NA
2019_17B,2019,h20_lc,17B,B,H20,NA,NA,NA,NA,NA,NA,NA,NA,NA,NA,NA,NA,NA,4.671262329,108.5903975,6.808335818,11.94,6.4,2.46,69,10,18,1390,366,85,12,1.28,129,45,1.5,1.05,421,6.9,15.9,1.17,NA,NA
2019_17C,2019,h20_ws,17C,C,H20,NA,NA,NA,NA,NA,NA,NA,NA,NA,NA,NA,NA,NA,NA,439.0355736,1.588955206,12.93,7.4,2.5,70,9,20,1707,431,91,13,1.66,91,72,1.82,0.89,385,10.8,14.6,2.32,NA,NA
2019_17D,2019,h20_ctrl,17D,D,H20,NA,NA,NA,NA,NA,NA,NA,NA,NA,NA,NA,NA,NA,0.691074247,344.0283474,2.76259165,15.1,6.3,3.29,83,13,27,1768,427,111,14,1.88,130,58,2.28,1.56,488,4.1,22.5,1.51,NA,NA
2019_18A,2019,h5_wslc,18A,A,H5,NA,NA,NA,NA,NA,NA,NA,NA,NA,NA,NA,NA,NA,1.824960049,84.98202424,7.662070019,12.61,7,2.87,77,9,21,1567,470,98,11,0.79,115,101,1.79,1.25,477,14.3,10.9,1.39,NA,NA
2019_18B,2019,h5_lc,18B,B,H5,NA,NA,NA,NA,NA,NA,NA,NA,NA,NA,NA,NA,NA,3.266750218,131.5176007,12.48785365,14.75,6.8,2.94,79,11,24,1734,552,115,14,0.85,125,109,1.88,1.21,534,2.4,11.3,1.29,NA,NA
2019_18C,2019,h5_ws,18C,C,H5,NA,NA,NA,NA,NA,NA,NA,NA,NA,NA,NA,NA,NA,3.843496119,NA,11.85155067,13.19,7.5,2.66,73,9,22,1565,542,106,15,0.89,121,107,2.15,1.3,478,9.7,6.9,1.32,NA,NA
2019_18D,2019,h5_ctrl,18D,D,H5,NA,NA,NA,NA,NA,NA,NA,NA,NA,NA,NA,NA,NA,3.373601756,362.81902,21.76981121,13.65,5.4,2.38,68,13,24,1107,292,84,14,0.5,160,97,1.41,0.99,628,2.1,9.8,1.08,NA,NA
2019_19A,2019,h20_wlc,19A,A,H20,NA,NA,NA,NA,NA,NA,NA,NA,NA,NA,NA,NA,NA,7.221324021,NA,5.748701375,12.55,7.2,3.06,81,10,23,1579,459,96,14,0.71,128,64,2.1,1.16,447,5.4,6.2,1.5,NA,NA
2019_19B,2019,h20_lc,19B,B,H20,NA,NA,NA,NA,NA,NA,NA,NA,NA,NA,NA,NA,NA,2.0402206,125.2358174,7.600474794,15.02,7,3.14,81,11,26,1912,531,118,16,1.56,131,78,3.04,2.45,507,7.8,10.3,1.73,NA,NA
2019_19C,2019,h20_ws,19C,C,H20,NA,NA,NA,NA,NA,NA,NA,NA,NA,NA,NA,NA,NA,NA,6674.442231,5.778821071,13.86,7.3,3.14,81,14,48,1769,487,121,18,1.55,166,85,2.55,1.57,442,12.6,15.5,1.58,NA,NA
2019_19D,2019,h20_ctrl,19D,D,H20,NA,NA,NA,NA,NA,NA,NA,NA,NA,NA,NA,NA,NA,NA,2961.396255,NA,16.68,6.8,3.34,83,13,41,2144,512,139,15,1.06,182,88,3.01,2.85,520,4.8,11.2,1.71,NA,NA
2019_20A,2019,h5_wslc,20A,A,H5,NA,NA,NA,NA,NA,NA,NA,NA,NA,NA,NA,NA,NA,0.548585218,2264.390056,8.977098692,11.33,6.1,2.57,71,13,21,1207,349,82,13,0.93,152,66,1.6,1.05,441,5.1,8.7,1.13,NA,NA
2019_20B,2019,h5_lc,20B,B,H5,NA,NA,NA,NA,NA,NA,NA,NA,NA,NA,NA,NA,NA,1.414481598,125.6924199,13.79186206,12.31,6,2.51,70,12,22,1304,358,89,16,0.67,142,78,1.29,0.95,510,2.9,11.1,1.23,NA,NA
2019_20C,2019,h5_ws,20C,C,H5,NA,NA,NA,NA,NA,NA,NA,NA,NA,NA,NA,NA,NA,1.782309959,NA,NA,15.15,6.7,2.79,76,14,44,1754,547,142,14,1.15,205,71,2.66,1.74,496,13.8,18.3,1.31,NA,NA
2019_20D,2019,h5_ctrl,20D,D,H5,NA,NA,NA,NA,NA,NA,NA,NA,NA,NA,NA,NA,NA,NA,459.2570194,NA,11.9,6.4,2.56,71,12,28,1343,391,84,11,1.42,134,83,1.25,0.92,477,11,20.9,1.13,NA,NA
2020_01A,2020,l20_wslc,01A,A,L20,5,2.166666667,41.66666667,2.833333333,13.33333333,0,0,0,0,0,0,45,229,NA,NA,NA,NA,NA,NA,NA,NA,NA,NA,NA,NA,NA,NA,NA,NA,NA,NA,NA,NA,NA,NA,NA,NA
2020_01B,2020,l20_lc,01B,B,L20,4.333333333,2.333333333,36.66666667,2,12.5,0,0,0,0,0,0,50.83333333,229,NA,NA,NA,NA,NA,NA,NA,NA,NA,NA,NA,NA,NA,NA,NA,NA,NA,NA,NA,NA,NA,NA,NA,NA
2020_01C,2020,l20_ws,01C,C,L20,5.333333333,2.5,43.33333333,2.833333333,22.5,0,0,0,0,0,0,34.16666667,229,NA,NA,NA,NA,NA,NA,NA,NA,NA,NA,NA,NA,NA,NA,NA,NA,NA,NA,NA,NA,NA,NA,NA,NA
2020_01D,2020,l20_ctrl,01D,D,L20,5.333333333,2.833333333,18.33333333,2.5,50,0,0,0,0,0,0,31.66666667,229,NA,NA,NA,NA,NA,NA,NA,NA,NA,NA,NA,NA,NA,NA,NA,NA,NA,NA,NA,NA,NA,NA,NA,NA
2020_02A,2020,l5_wslc,02A,A,L5,4.666666667,1.833333333,25.83333333,2.833333333,42.5,0,0,0,0,0,0,31.66666667,229,NA,NA,NA,NA,NA,NA,NA,NA,NA,NA,NA,NA,NA,NA,NA,NA,NA,NA,NA,NA,NA,NA,NA,NA
2020_02B,2020,l5_lc,02B,B,L5,5.833333333,2.333333333,20,3.5,60.83333333,0,0,0,0,0,0,19.16666667,229,NA,NA,NA,NA,NA,NA,NA,NA,NA,NA,NA,NA,NA,NA,NA,NA,NA,NA,NA,NA,NA,NA,NA,NA
2020_02C,2020,l5_ws,02C,C,L5,5.166666667,2.333333333,9.166666667,2.833333333,47.5,0,0,0,0,0,0,43.33333333,229,NA,NA,NA,NA,NA,NA,NA,NA,NA,NA,NA,NA,NA,NA,NA,NA,NA,NA,NA,NA,NA,NA,NA,NA
2020_02D,2020,l5_ctrl,02D,D,L5,6.333333333,2.666666667,9.166666667,3.666666667,62.5,0,0,0,0,0,0,28.33333333,229,NA,NA,NA,NA,NA,NA,NA,NA,NA,NA,NA,NA,NA,NA,NA,NA,NA,NA,NA,NA,NA,NA,NA,NA
2020_03A,2020,l20_wslc,03A,A,H5,5.333333333,1.833333333,22.5,3.5,45,0,0,0,0,0,0,32.5,229,NA,NA,NA,NA,NA,NA,NA,NA,NA,NA,NA,NA,NA,NA,NA,NA,NA,NA,NA,NA,NA,NA,NA,NA
2020_03B,2020,l20_lc,03B,B,H5,5.5,2.5,18.33333333,3,42.5,0,0,0,0,0,0,39.16666667,229,NA,NA,NA,NA,NA,NA,NA,NA,NA,NA,NA,NA,NA,NA,NA,NA,NA,NA,NA,NA,NA,NA,NA,NA
2020_03C,2020,l20_ws,03C,C,H5,5.333333333,2.5,35.83333333,2.833333333,24.16666667,0,0,0,0,0,0,40,229,NA,NA,NA,NA,NA,NA,NA,NA,NA,NA,NA,NA,NA,NA,NA,NA,NA,NA,NA,NA,NA,NA,NA,NA
2020_03D,2020,l20_ctrl,03D,D,H5,5.666666667,2.5,23.33333333,3.166666667,36.66666667,0,0,0,0,0,0,40,229,NA,NA,NA,NA,NA,NA,NA,NA,NA,NA,NA,NA,NA,NA,NA,NA,NA,NA,NA,NA,NA,NA,NA,NA
2020_04A,2020,l5_wslc,04A,A,L5,3.5,2.333333333,50,1.166666667,3.333333333,0,0,0,0,0,0,46.66666667,229,NA,NA,NA,NA,NA,NA,NA,NA,NA,NA,NA,NA,NA,NA,NA,NA,NA,NA,NA,NA,NA,NA,NA,NA
2020_04B,2020,l5_lc,04B,B,L5,5,1.833333333,31.66666667,3,12.5,0,0,0,0,0,0,55.83333333,229,NA,NA,NA,NA,NA,NA,NA,NA,NA,NA,NA,NA,NA,NA,NA,NA,NA,NA,NA,NA,NA,NA,NA,NA
2020_04C,2020,l5_ws,04C,C,L5,5.5,2.833333333,25.83333333,2.666666667,42.5,0,0,0,0,0,0,31.66666667,229,NA,NA,NA,NA,NA,NA,NA,NA,NA,NA,NA,NA,NA,NA,NA,NA,NA,NA,NA,NA,NA,NA,NA,NA
2020_04D,2020,l5_ctrl,04D,D,L5,5.333333333,2.333333333,20.83333333,3,36.66666667,0,0,0,0,0,0,42.5,229,NA,NA,NA,NA,NA,NA,NA,NA,NA,NA,NA,NA,NA,NA,NA,NA,NA,NA,NA,NA,NA,NA,NA,NA
2020_05A,2020,h20_wlc,05A,A,H20,4.833333333,2.166666667,27.5,2.833333333,21.66666667,0,0,0,0,0,0,50.83333333,226,NA,NA,NA,NA,NA,NA,NA,NA,NA,NA,NA,NA,NA,NA,NA,NA,NA,NA,NA,NA,NA,NA,NA,NA
2020_05B,2020,h20_lc,05B,B,H20,4.5,2,54.16666667,2.5,22.5,0,0,0,0,0,0,23.33333333,226,NA,NA,NA,NA,NA,NA,NA,NA,NA,NA,NA,NA,NA,NA,NA,NA,NA,NA,NA,NA,NA,NA,NA,NA
2020_05C,2020,h20_ws,05C,C,H20,4.166666667,1.833333333,59.16666667,2.333333333,18.33333333,0,0,0,0,0,0,22.5,226,NA,NA,NA,NA,NA,NA,NA,NA,NA,NA,NA,NA,NA,NA,NA,NA,NA,NA,NA,NA,NA,NA,NA,NA
2020_05D,2020,h20_ctrl,05D,D,H20,5,2.666666667,40.83333333,2.333333333,16.66666667,0,0,0,0,0,0,42.5,226,NA,NA,NA,NA,NA,NA,NA,NA,NA,NA,NA,NA,NA,NA,NA,NA,NA,NA,NA,NA,NA,NA,NA,NA
2020_06A,2020,h5_wslc,06A,A,H5,5.333333333,2.333333333,21.66666667,3,24.16666667,0,0,0,0,0,0,54.16666667,226,NA,NA,NA,NA,NA,NA,NA,NA,NA,NA,NA,NA,NA,NA,NA,NA,NA,NA,NA,NA,NA,NA,NA,NA
2020_06B,2020,h5_lc,06B,B,H5,6,2.166666667,15,3.833333333,24.16666667,0,0,0,0,0,0,60.83333333,226,NA,NA,NA,NA,NA,NA,NA,NA,NA,NA,NA,NA,NA,NA,NA,NA,NA,NA,NA,NA,NA,NA,NA,NA
2020_06C,2020,h5_ws,06C,C,H5,3.333333333,1.333333333,49.16666667,2,16.66666667,0,0,0,0,0,0,34.16666667,226,NA,NA,NA,NA,NA,NA,NA,NA,NA,NA,NA,NA,NA,NA,NA,NA,NA,NA,NA,NA,NA,NA,NA,NA
2020_06D,2020,h5_ctrl,06D,D,H5,4.666666667,2,40.83333333,2.666666667,15.83333333,0,0,0,0,0,0,43.33333333,226,NA,NA,NA,NA,NA,NA,NA,NA,NA,NA,NA,NA,NA,NA,NA,NA,NA,NA,NA,NA,NA,NA,NA,NA
2020_07A,2020,h20_wlc,07A,A,H20,5.666666667,2.833333333,25,2.833333333,26.66666667,0,0,0,0,0,0,48.33333333,227,NA,NA,NA,NA,NA,NA,NA,NA,NA,NA,NA,NA,NA,NA,NA,NA,NA,NA,NA,NA,NA,NA,NA,NA
2020_07B,2020,h20_lc,07B,B,H20,5.666666667,2.666666667,11.66666667,3,58.33333333,0,0,0,0,0,0,30,227,NA,NA,NA,NA,NA,NA,NA,NA,NA,NA,NA,NA,NA,NA,NA,NA,NA,NA,NA,NA,NA,NA,NA,NA
2020_07C,2020,h20_ws,07C,C,H20,5.333333333,2.166666667,53.33333333,3.166666667,12.5,0,0,0,0,0,0,34.16666667,227,NA,NA,NA,NA,NA,NA,NA,NA,NA,NA,NA,NA,NA,NA,NA,NA,NA,NA,NA,NA,NA,NA,NA,NA
2020_07D,2020,h20_ctrl,07D,D,H20,5.333333333,2.833333333,26.66666667,2.5,32.5,0,0,0,0,0,0,40.83333333,227,NA,NA,NA,NA,NA,NA,NA,NA,NA,NA,NA,NA,NA,NA,NA,NA,NA,NA,NA,NA,NA,NA,NA,NA
2020_08A,2020,h20_wlc,08A,A,H20,4.5,2.166666667,13.33333333,2.666666667,34.16666667,0,0,0,0,0,0,52.5,227,NA,NA,NA,NA,NA,NA,NA,NA,NA,NA,NA,NA,NA,NA,NA,NA,NA,NA,NA,NA,NA,NA,NA,NA
2020_08B,2020,h20_lc,08B,B,H20,4.5,1.5,32.5,3,16.66666667,0,0,0,0,0,0,50.83333333,227,NA,NA,NA,NA,NA,NA,NA,NA,NA,NA,NA,NA,NA,NA,NA,NA,NA,NA,NA,NA,NA,NA,NA,NA
2020_08C,2020,h20_ws,08C,C,H20,5.166666667,2.166666667,24.16666667,3,22.5,0,0,0,0,0,0,53.33333333,227,NA,NA,NA,NA,NA,NA,NA,NA,NA,NA,NA,NA,NA,NA,NA,NA,NA,NA,NA,NA,NA,NA,NA,NA
2020_08D,2020,h20_ws,08D,D,H20,4.5,1.333333333,31.66666667,3.166666667,25,0,0,0,0,0,0,43.33333333,227,NA,NA,NA,NA,NA,NA,NA,NA,NA,NA,NA,NA,NA,NA,NA,NA,NA,NA,NA,NA,NA,NA,NA,NA
2020_09A,2020,l5_wslc,09A,A,L5,5.833333333,2.5,45.83333333,3.333333333,24.16666667,0,0,0,0,0,0,30,220,NA,NA,NA,NA,NA,NA,NA,NA,NA,NA,NA,NA,NA,NA,NA,NA,NA,NA,NA,NA,NA,NA,NA,NA
2020_09B,2020,l5_lc,09B,B,L5,6.5,3.166666667,15,3.333333333,61.66666667,0.166666667,0.166666667,1,0,0,0,23.33333333,220,NA,NA,NA,NA,NA,NA,NA,NA,NA,NA,NA,NA,NA,NA,NA,NA,NA,NA,NA,NA,NA,NA,NA,NA
2020_09C,2020,l5_ctrl,09C,C,L5,5.666666667,2.5,58.33333333,3.166666667,24.16666667,0,0,0,0,0,0,17.5,220,NA,NA,NA,NA,NA,NA,NA,NA,NA,NA,NA,NA,NA,NA,NA,NA,NA,NA,NA,NA,NA,NA,NA,NA
2020_09D,2020,l5_ws,09D,D,L5,5.166666667,3,6.5,2.166666667,76.66666667,0,0,0,0,0,0,16.83333333,220,NA,NA,NA,NA,NA,NA,NA,NA,NA,NA,NA,NA,NA,NA,NA,NA,NA,NA,NA,NA,NA,NA,NA,NA
2020_10A,2020,l5_wslc,10A,A,L5,4.833333333,2.833333333,19.16666667,2,43.33333333,0,0,0,0,0,0,37.5,220,NA,NA,NA,NA,NA,NA,NA,NA,NA,NA,NA,NA,NA,NA,NA,NA,NA,NA,NA,NA,NA,NA,NA,NA
2020_10B,2020,l5_lc,10B,B,L5,4.833333333,3,18.33333333,1.833333333,38.33333333,0,0,0,0,0,0,43.33333333,220,NA,NA,NA,NA,NA,NA,NA,NA,NA,NA,NA,NA,NA,NA,NA,NA,NA,NA,NA,NA,NA,NA,NA,NA
2020_10C,2020,l5_ws,10C,C,L5,5.333333333,2.833333333,22.5,2.5,53.33333333,0,0,0,0,0,0,24.16666667,220,NA,NA,NA,NA,NA,NA,NA,NA,NA,NA,NA,NA,NA,NA,NA,NA,NA,NA,NA,NA,NA,NA,NA,NA
2020_10D,2020,l5_ctrl,10D,D,L5,5.166666667,3,15.83333333,2.166666667,37.5,0,0,0,0,0,0,46.66666667,220,NA,NA,NA,NA,NA,NA,NA,NA,NA,NA,NA,NA,NA,NA,NA,NA,NA,NA,NA,NA,NA,NA,NA,NA
2020_11A,2020,l20_wslc,11A,A,L20,4.166666667,2.166666667,40,2,21.66666667,0,0,0,0,0,0,38.33333333,225,NA,NA,NA,NA,NA,NA,NA,NA,NA,NA,NA,NA,NA,NA,NA,NA,NA,NA,NA,NA,NA,NA,NA,NA
2020_11B,2020,l20_lc,11B,B,L20,5,2.166666667,33.33333333,2.833333333,21.66666667,0,0,0,0,0,0,45,225,NA,NA,NA,NA,NA,NA,NA,NA,NA,NA,NA,NA,NA,NA,NA,NA,NA,NA,NA,NA,NA,NA,NA,NA
2020_11C,2020,l20_ws,11C,C,L20,4.666666667,2.5,21.66666667,2.166666667,36.66666667,0,0,0,0,0,0,41.66666667,225,NA,NA,NA,NA,NA,NA,NA,NA,NA,NA,NA,NA,NA,NA,NA,NA,NA,NA,NA,NA,NA,NA,NA,NA
2020_11D,2020,l20_ctrl,11D,D,L20,4.166666667,2.5,18.33333333,1.666666667,57.5,0,0,0,0,0,0,24.16666667,225,NA,NA,NA,NA,NA,NA,NA,NA,NA,NA,NA,NA,NA,NA,NA,NA,NA,NA,NA,NA,NA,NA,NA,NA
2020_12A,2020,h5_wslc,12A,A,H5,4.666666667,2.833333333,50.83333333,1.833333333,7.5,0,0,0,0,0,0,41.66666667,225,NA,NA,NA,NA,NA,NA,NA,NA,NA,NA,NA,NA,NA,NA,NA,NA,NA,NA,NA,NA,NA,NA,NA,NA
2020_12B,2020,h5_lc,12B,B,H5,4.333333333,1.833333333,44.16666667,2.666666667,23.33333333,0,0,0,0,0,0,32.5,225,NA,NA,NA,NA,NA,NA,NA,NA,NA,NA,NA,NA,NA,NA,NA,NA,NA,NA,NA,NA,NA,NA,NA,NA
2020_12C,2020,h5_ws,12C,C,H5,6.333333333,3,34.16666667,3.333333333,20.83333333,0,0,0,0,0,0,45,225,NA,NA,NA,NA,NA,NA,NA,NA,NA,NA,NA,NA,NA,NA,NA,NA,NA,NA,NA,NA,NA,NA,NA,NA
2020_12D,2020,h5_ctrl,12D,D,H5,5.333333333,2.666666667,45,2.666666667,7.666666667,0,0,0,0,0,0,47.33333333,225,NA,NA,NA,NA,NA,NA,NA,NA,NA,NA,NA,NA,NA,NA,NA,NA,NA,NA,NA,NA,NA,NA,NA,NA
2020_13A,2020,l20_wslc,13A,A,L20,5.333333333,1.166666667,36.66666667,4.166666667,32.5,0,0,0,0,0,0,30.83333333,206,NA,NA,NA,NA,NA,NA,NA,NA,NA,NA,NA,NA,NA,NA,NA,NA,NA,NA,NA,NA,NA,NA,NA,NA
2020_13B,2020,l20_lc,13B,B,L20,7,2.5,33.33333333,4.5,18.33333333,0,0,0,0,0,0,48.33333333,206,NA,NA,NA,NA,NA,NA,NA,NA,NA,NA,NA,NA,NA,NA,NA,NA,NA,NA,NA,NA,NA,NA,NA,NA
2020_13C,2020,l20_ws,13C,C,L20,7,2,32.5,5,25.83333333,0,0,0,0,0,0,41.66666667,206,NA,NA,NA,NA,NA,NA,NA,NA,NA,NA,NA,NA,NA,NA,NA,NA,NA,NA,NA,NA,NA,NA,NA,NA
2020_13D,2020,l20_ctrl,13D,D,L20,6.833333333,2.166666667,33.33333333,4.666666667,30.83333333,0,0,0,0,0,0,35.83333333,206,NA,NA,NA,NA,NA,NA,NA,NA,NA,NA,NA,NA,NA,NA,NA,NA,NA,NA,NA,NA,NA,NA,NA,NA
2020_14A,2020,l5_wslc,14A,A,L5,6.666666667,2.5,47.5,4.166666667,30,0,0,0,0,0,0,22.5,206,NA,NA,NA,NA,NA,NA,NA,NA,NA,NA,NA,NA,NA,NA,NA,NA,NA,NA,NA,NA,NA,NA,NA,NA
2020_14B,2020,l5_lc,14B,B,L5,6.333333333,2.666666667,17.5,3.666666667,23.33333333,0,0,0,0,0,0,59.16666667,206,NA,NA,NA,NA,NA,NA,NA,NA,NA,NA,NA,NA,NA,NA,NA,NA,NA,NA,NA,NA,NA,NA,NA,NA
2020_14C,2020,l5_ws,14C,C,L5,8,2.333333333,52.5,5.666666667,25,0,0,0,0,0,0,22.5,217,NA,NA,NA,NA,NA,NA,NA,NA,NA,NA,NA,NA,NA,NA,NA,NA,NA,NA,NA,NA,NA,NA,NA,NA
2020_14D,2020,l5_ctrl,14D,D,L5,6.333333333,2.166666667,48.33333333,4.166666667,26.66666667,0,0,0,0,0,0,25,217,NA,NA,NA,NA,NA,NA,NA,NA,NA,NA,NA,NA,NA,NA,NA,NA,NA,NA,NA,NA,NA,NA,NA,NA
2020_15A,2020,l20_wslc,15A,A,L20,6.666666667,3.666666667,16.66666667,3,65.83333333,0,0,0,0,0,0,17.5,219,NA,NA,NA,NA,NA,NA,NA,NA,NA,NA,NA,NA,NA,NA,NA,NA,NA,NA,NA,NA,NA,NA,NA,NA
2020_15B,2020,l20_lc,15B,B,L20,5.5,2.666666667,35.83333333,2.833333333,34.16666667,0,0,0,0,0,0,30,219,NA,NA,NA,NA,NA,NA,NA,NA,NA,NA,NA,NA,NA,NA,NA,NA,NA,NA,NA,NA,NA,NA,NA,NA
2020_15C,2020,l20_ws,15C,C,L20,5.5,2.833333333,10.83333333,2.666666667,60,0,0,0,0,0,0,29.16666667,217,NA,NA,NA,NA,NA,NA,NA,NA,NA,NA,NA,NA,NA,NA,NA,NA,NA,NA,NA,NA,NA,NA,NA,NA
2020_15D,2020,l20_ctrl,15D,D,L20,5,3,32.5,2,23.33333333,0,0,0,0,0,0,44.16666667,217,NA,NA,NA,NA,NA,NA,NA,NA,NA,NA,NA,NA,NA,NA,NA,NA,NA,NA,NA,NA,NA,NA,NA,NA
2020_16A,2020,l20_wslc,16A,A,L20,5.833333333,2.333333333,58.33333333,3.5,10.83333333,0,0,0,0,0,0,30.83333333,219,NA,NA,NA,NA,NA,NA,NA,NA,NA,NA,NA,NA,NA,NA,NA,NA,NA,NA,NA,NA,NA,NA,NA,NA
2020_16B,2020,l20_lc,16B,B,L20,6.833333333,3,58.33333333,3.833333333,13.33333333,0,0,0,0,0,0,28.33333333,219,NA,NA,NA,NA,NA,NA,NA,NA,NA,NA,NA,NA,NA,NA,NA,NA,NA,NA,NA,NA,NA,NA,NA,NA
2020_16C,2020,l20_ws,16C,C,L20,7,3.166666667,20.83333333,3.833333333,44.16666667,0,0,0,0,0,0,35,219,NA,NA,NA,NA,NA,NA,NA,NA,NA,NA,NA,NA,NA,NA,NA,NA,NA,NA,NA,NA,NA,NA,NA,NA
2020_16D,2020,l20_ctrl,16D,D,L20,5.333333333,2.833333333,55.83333333,2.5,21.66666667,0,0,0,0,0,0,22.5,219,NA,NA,NA,NA,NA,NA,NA,NA,NA,NA,NA,NA,NA,NA,NA,NA,NA,NA,NA,NA,NA,NA,NA,NA
2020_17A,2020,h20_wlc,17A,A,H20,5.666666667,2.166666667,25.83333333,3.5,19.16666667,0,0,0,0,0,0,55,206,NA,NA,NA,NA,NA,NA,NA,NA,NA,NA,NA,NA,NA,NA,NA,NA,NA,NA,NA,NA,NA,NA,NA,NA
2020_17B,2020,h20_lc,17B,B,H20,5.333333333,2.833333333,26.66666667,2.5,36.66666667,0,0,0,0,0,0,36.66666667,206,NA,NA,NA,NA,NA,NA,NA,NA,NA,NA,NA,NA,NA,NA,NA,NA,NA,NA,NA,NA,NA,NA,NA,NA
2020_17C,2020,h20_ws,17C,C,H20,6.166666667,2.333333333,25.83333333,3.833333333,16.66666667,0,0,0,0,0,0,57.5,206,NA,NA,NA,NA,NA,NA,NA,NA,NA,NA,NA,NA,NA,NA,NA,NA,NA,NA,NA,NA,NA,NA,NA,NA
2020_17D,2020,h20_ctrl,17D,D,H20,6.166666667,2.5,34.66666667,3.666666667,17.5,0,0,0,0,0,0,47.83333333,206,NA,NA,NA,NA,NA,NA,NA,NA,NA,NA,NA,NA,NA,NA,NA,NA,NA,NA,NA,NA,NA,NA,NA,NA
2020_18A,2020,h5_wslc,18A,A,H5,7.666666667,2.833333333,13.33333333,4.833333333,66.66666667,0,0,0,0,0,0,20,206,NA,NA,NA,NA,NA,NA,NA,NA,NA,NA,NA,NA,NA,NA,NA,NA,NA,NA,NA,NA,NA,NA,NA,NA
2020_18B,2020,h5_lc,18B,B,H5,6.166666667,2.333333333,20,3.833333333,29.16666667,0,0,0,0,0,0,50.83333333,206,NA,NA,NA,NA,NA,NA,NA,NA,NA,NA,NA,NA,NA,NA,NA,NA,NA,NA,NA,NA,NA,NA,NA,NA
2020_18C,2020,h5_ws,18C,C,H5,5.5,2.333333333,19.16666667,3.166666667,15.83333333,0,0,0,0,0,0,65,203,NA,NA,NA,NA,NA,NA,NA,NA,NA,NA,NA,NA,NA,NA,NA,NA,NA,NA,NA,NA,NA,NA,NA,NA
2020_18D,2020,h5_ctrl,18D,D,H5,5.333333333,2.5,15.83333333,2.833333333,11.66666667,0,0,0,0,0,0,72.5,203,NA,NA,NA,NA,NA,NA,NA,NA,NA,NA,NA,NA,NA,NA,NA,NA,NA,NA,NA,NA,NA,NA,NA,NA
2020_19A,2020,h20_wlc,19A,A,H20,8.166666667,3,24.16666667,5.166666667,16.66666667,0,0,0,0,0,0,56.66666667,202,NA,NA,NA,NA,NA,NA,NA,NA,NA,NA,NA,NA,NA,NA,NA,NA,NA,NA,NA,NA,NA,NA,NA,NA
2020_19B,2020,h20_lc,19B,B,H20,9.333333333,3,19.16666667,6.333333333,18.33333333,0,0,0,0,0,0,62.5,202,NA,NA,NA,NA,NA,NA,NA,NA,NA,NA,NA,NA,NA,NA,NA,NA,NA,NA,NA,NA,NA,NA,NA,NA
2020_19C,2020,h20_ws,19C,C,H20,8.166666667,2.666666667,24.16666667,5.5,20,0,0,0,0,0,0,55.83333333,202,NA,NA,NA,NA,NA,NA,NA,NA,NA,NA,NA,NA,NA,NA,NA,NA,NA,NA,NA,NA,NA,NA,NA,NA
2020_19D,2020,h20_ctrl,19D,D,H20,8.5,3.166666667,28.33333333,5.166666667,23.33333333,0,0,0,0,0,0,48.33333333,202,NA,NA,NA,NA,NA,NA,NA,NA,NA,NA,NA,NA,NA,NA,NA,NA,NA,NA,NA,NA,NA,NA,NA,NA
2020_20A,2020,h5_wslc,20A,A,H5,6,2.833333333,29.16666667,3.166666667,12.5,0,0,0,0,0,0,58.33333333,203,NA,NA,NA,NA,NA,NA,NA,NA,NA,NA,NA,NA,NA,NA,NA,NA,NA,NA,NA,NA,NA,NA,NA,NA
2020_20B,2020,h5_lc,20B,B,H5,6.166666667,3,15,3.166666667,12.5,0,0,0,0,0,0,72.5,203,NA,NA,NA,NA,NA,NA,NA,NA,NA,NA,NA,NA,NA,NA,NA,NA,NA,NA,NA,NA,NA,NA,NA,NA
2020_20C,2020,h5_ws,20C,C,H5,7.333333333,2.666666667,33.33333333,4.666666667,10,0,0,0,0,0,0,55,203,NA,NA,NA,NA,NA,NA,NA,NA,NA,NA,NA,NA,NA,NA,NA,NA,NA,NA,NA,NA,NA,NA,NA,NA
2020_20D,2020,h5_ctrl,20D,D,H5,6,2.666666667,23.33333333,3.333333333,10.83333333,0,0,0,0,0,0,65.83333333,203,NA,NA,NA,NA,NA,NA,NA,NA,NA,NA,NA,NA,NA,NA,NA,NA,NA,NA,NA,NA,NA,NA,NA,NA
2021_01A,2021,l20_wslc,01A,A,L20,6.833333333,3.333333333,64.16666667,3.5,20,0,0,0,0,0,0,15.83333333,194,0.0259375,121.7244576,6.290244335,NA,NA,NA,NA,NA,NA,NA,NA,NA,NA,NA,NA,NA,NA,NA,NA,NA,NA,NA,NA,NA
2021_01B,2021,l20_lc,01B,B,L20,7,3.166666667,59.16666667,3.833333333,11.66666667,0,0,0,0,0,0,29.16666667,194,0.758669999,51.61115304,4.779421043,NA,NA,NA,NA,NA,NA,NA,NA,NA,NA,NA,NA,NA,NA,NA,NA,NA,NA,NA,NA,NA
2021_01C,2021,l20_ws,01C,C,L20,7,2.833333333,52.5,4.166666667,14.5,0,0,0,0,0,0,33,194,0,96.23303709,8.80215831,NA,NA,NA,NA,NA,NA,NA,NA,NA,NA,NA,NA,NA,NA,NA,NA,NA,NA,NA,NA,NA
2021_01D,2021,l20_ctrl,01D,D,L20,6.333333333,2.833333333,75,3.5,8,0,0,0,0,0,0,17,194,2.688796061,97.5380413,30.65911461,NA,NA,NA,NA,NA,NA,NA,NA,NA,NA,NA,NA,NA,NA,NA,NA,NA,NA,NA,NA,NA
2021_02A,2021,l5_wslc,02A,A,L5,7.5,3.333333333,46.66666667,4.166666667,27,0.166666667,0.166666667,1,0,0,0,26.16666667,194,0.778589488,134.9794817,7.100734718,NA,NA,NA,NA,NA,NA,NA,NA,NA,NA,NA,NA,NA,NA,NA,NA,NA,NA,NA,NA,NA
2021_02B,2021,l5_lc,02B,B,L5,7.333333333,2.5,49.16666667,4.833333333,20,0,0,0,0,0,0,30.83333333,194,1.961316559,11.2919811,10.20784007,NA,NA,NA,NA,NA,NA,NA,NA,NA,NA,NA,NA,NA,NA,NA,NA,NA,NA,NA,NA,NA
2021_02C,2021,l5_ws,02C,C,L5,7.166666667,2.166666667,27.5,5,18.33333333,0,0,0,0,0,0,54.16666667,194,4.348185617,91.54144216,11.08256577,NA,NA,NA,NA,NA,NA,NA,NA,NA,NA,NA,NA,NA,NA,NA,NA,NA,NA,NA,NA,NA
2021_02D,2021,l5_ctrl,02D,D,L5,6.5,2.5,27.5,4,30.83333333,0.166666667,0.166666667,1,0,0,0,41.5,194,2.434057339,77.4552411,NA,NA,NA,NA,NA,NA,NA,NA,NA,NA,NA,NA,NA,NA,NA,NA,NA,NA,NA,NA,NA,NA
2021_03A,2021,l20_wslc,03A,A,H5,7,2.333333333,33.33333333,4.333333333,34.16666667,0.166666667,0.166666667,1,0,0,0,32.33333333,194,2.385153121,168.5681938,15.13948323,NA,NA,NA,NA,NA,NA,NA,NA,NA,NA,NA,NA,NA,NA,NA,NA,NA,NA,NA,NA,NA
2021_03B,2021,l20_lc,03B,B,H5,7.333333333,2.666666667,41.66666667,4.666666667,33.33333333,0,0,0,0,0,0,25,194,4.452857804,151.7274824,20.69642765,NA,NA,NA,NA,NA,NA,NA,NA,NA,NA,NA,NA,NA,NA,NA,NA,NA,NA,NA,NA,NA
2021_03C,2021,l20_ws,03C,C,H5,6.166666667,2.833333333,47.5,3.333333333,23.33333333,0,0,0,0,0,0,29.16666667,195,1.927209891,155.0904732,20.50655144,NA,NA,NA,NA,NA,NA,NA,NA,NA,NA,NA,NA,NA,NA,NA,NA,NA,NA,NA,NA,NA
2021_03D,2021,l20_ctrl,03D,D,H5,6.166666667,2.666666667,35,3.5,22.5,0,0,0,0,0,0,42.5,195,0.420769493,48.16153961,1.373635083,NA,NA,NA,NA,NA,NA,NA,NA,NA,NA,NA,NA,NA,NA,NA,NA,NA,NA,NA,NA,NA
2021_04A,2021,l5_wslc,04A,A,L5,3.833333333,2.166666667,51.66666667,1.5,12,0,0,0,0.166666667,1,0.333333333,36,195,6.20677472,40.57722568,18.86164345,NA,NA,NA,NA,NA,NA,NA,NA,NA,NA,NA,NA,NA,NA,NA,NA,NA,NA,NA,NA,NA
2021_04B,2021,l5_lc,04B,B,L5,8.333333333,2.833333333,44.16666667,5.5,25,0,0,0,0.166666667,1,0.5,30.33333333,195,4.868493712,114.634377,11.9612687,NA,NA,NA,NA,NA,NA,NA,NA,NA,NA,NA,NA,NA,NA,NA,NA,NA,NA,NA,NA,NA
2021_04C,2021,l5_ws,04C,C,L5,5.333333333,3,70.83333333,2.333333333,7.166666667,0,0,0,0,0,0,22,195,4.828571423,169.4307543,10.69278417,NA,NA,NA,NA,NA,NA,NA,NA,NA,NA,NA,NA,NA,NA,NA,NA,NA,NA,NA,NA,NA
2021_04D,2021,l5_ctrl,04D,D,L5,5.833333333,3,50.83333333,2.833333333,14.16666667,0,0,0,0,0,0,35,195,1.896819756,NA,6.287599321,NA,NA,NA,NA,NA,NA,NA,NA,NA,NA,NA,NA,NA,NA,NA,NA,NA,NA,NA,NA,NA
2021_05A,2021,h20_wlc,05A,A,H20,6.5,1.333333333,30,5.166666667,43.33333333,0,0,0,0,0,0,26.66666667,195,5.529699046,178.2697933,6.896611738,NA,NA,NA,NA,NA,NA,NA,NA,NA,NA,NA,NA,NA,NA,NA,NA,NA,NA,NA,NA,NA
2021_05B,2021,h20_lc,05B,B,H20,3.166666667,1.666666667,72.5,1.5,17.5,0,0,0,0,0,0,10,195,2.973352117,145.3133313,3.556102445,NA,NA,NA,NA,NA,NA,NA,NA,NA,NA,NA,NA,NA,NA,NA,NA,NA,NA,NA,NA,NA
2021_05C,2021,h20_ws,05C,C,H20,5.166666667,2.333333333,55,2.833333333,13.33333333,0,0,0,0,0,0,31.66666667,195,4.623727047,238.7789631,13.66861379,NA,NA,NA,NA,NA,NA,NA,NA,NA,NA,NA,NA,NA,NA,NA,NA,NA,NA,NA,NA,NA
2021_05D,2021,h20_ctrl,05D,D,H20,4,1.833333333,56.66666667,2.166666667,22.5,0,0,0,0,0,0,20.83333333,195,1.779889343,NA,11.23316708,NA,NA,NA,NA,NA,NA,NA,NA,NA,NA,NA,NA,NA,NA,NA,NA,NA,NA,NA,NA,NA
2021_06A,2021,h5_wslc,06A,A,H5,7.666666667,2.5,36.66666667,5.166666667,28.33333333,0,0,0,0,0,0,35,200,5.453185097,NA,18.94860012,NA,NA,NA,NA,NA,NA,NA,NA,NA,NA,NA,NA,NA,NA,NA,NA,NA,NA,NA,NA,NA
2021_06B,2021,h5_lc,06B,B,H5,8,3.166666667,57.5,4.833333333,15.83333333,0,0,0,0,0,0,26.66666667,200,0,NA,14.52258086,NA,NA,NA,NA,NA,NA,NA,NA,NA,NA,NA,NA,NA,NA,NA,NA,NA,NA,NA,NA,NA
2021_06C,2021,h5_ws,06C,C,H5,3.833333333,1.5,70,2.333333333,11.83333333,0,0,0,0,0,0,18.16666667,200,2.269637286,198.797,9.434748833,NA,NA,NA,NA,NA,NA,NA,NA,NA,NA,NA,NA,NA,NA,NA,NA,NA,NA,NA,NA,NA
2021_06D,2021,h5_ctrl,06D,D,H5,4.5,2,54.16666667,2.333333333,10.83333333,0,0,0,0.166666667,1,0.5,34.5,200,3.108452849,122.4110998,29.84836913,NA,NA,NA,NA,NA,NA,NA,NA,NA,NA,NA,NA,NA,NA,NA,NA,NA,NA,NA,NA,NA
2021_07A,2021,h20_wlc,07A,A,H20,6.833333333,2.5,43.33333333,4.166666667,24.16666667,0.166666667,0.166666667,1,0,0,0,32.33333333,200,0.980899282,254.1485774,9.871623028,NA,NA,NA,NA,NA,NA,NA,NA,NA,NA,NA,NA,NA,NA,NA,NA,NA,NA,NA,NA,NA
2021_07B,2021,h20_lc,07B,B,H20,7.166666667,2.666666667,43.33333333,4.5,21.66666667,0,0,0,0,0,0,35,200,3.691222344,159.5976079,9.976552801,NA,NA,NA,NA,NA,NA,NA,NA,NA,NA,NA,NA,NA,NA,NA,NA,NA,NA,NA,NA,NA
2021_07C,2021,h20_ws,07C,C,H20,5.5,2.5,43.33333333,3,10,0,0,0,0,0,0,46.66666667,200,1.554716493,161.5749918,NA,NA,NA,NA,NA,NA,NA,NA,NA,NA,NA,NA,NA,NA,NA,NA,NA,NA,NA,NA,NA,NA
2021_07D,2021,h20_ctrl,07D,D,H20,5.166666667,2.333333333,54.16666667,2.833333333,14.16666667,0,0,0,0,0,0,31.66666667,200,3.707364243,76.24486817,13.64576973,NA,NA,NA,NA,NA,NA,NA,NA,NA,NA,NA,NA,NA,NA,NA,NA,NA,NA,NA,NA,NA
2021_08A,2021,h20_wlc,08A,A,H20,6.333333333,2.666666667,67.5,3.5,20.83333333,0,0,0,0.333333333,1,1,10.66666667,200,0.243585481,310.2890133,3.641259832,NA,NA,NA,NA,NA,NA,NA,NA,NA,NA,NA,NA,NA,NA,NA,NA,NA,NA,NA,NA,NA
2021_08B,2021,h20_lc,08B,B,H20,6.666666667,2.833333333,75,3.833333333,15,0,0,0,0,0,0,10,200,2.919168478,131.7440292,10.09292447,NA,NA,NA,NA,NA,NA,NA,NA,NA,NA,NA,NA,NA,NA,NA,NA,NA,NA,NA,NA,NA
2021_08C,2021,h20_ws,08C,C,H20,6,2.5,38.33333333,3.5,11.66666667,0,0,0,0,0,0,50,200,0.610821019,127.4772631,2.659732791,NA,NA,NA,NA,NA,NA,NA,NA,NA,NA,NA,NA,NA,NA,NA,NA,NA,NA,NA,NA,NA
2021_08D,2021,h20_ws,08D,D,H20,5.666666667,2.5,46,3.166666667,23.33333333,0,0,0,0,0,0,30.66666667,200,2.617294012,222.9466228,12.56660481,NA,NA,NA,NA,NA,NA,NA,NA,NA,NA,NA,NA,NA,NA,NA,NA,NA,NA,NA,NA,NA
2021_09A,2021,l5_wslc,09A,A,L5,5.5,2.166666667,55,3.333333333,15.83333333,0,0,0,0,0,0,29.16666667,201,0,159.9368438,2.826183852,NA,NA,NA,NA,NA,NA,NA,NA,NA,NA,NA,NA,NA,NA,NA,NA,NA,NA,NA,NA,NA
2021_09B,2021,l5_lc,09B,B,L5,6.166666667,2.166666667,50,3.833333333,19.16666667,0.166666667,0.5,1,0,0,0,30.33333333,201,2.195334097,178.7498771,9.234871401,NA,NA,NA,NA,NA,NA,NA,NA,NA,NA,NA,NA,NA,NA,NA,NA,NA,NA,NA,NA,NA
2021_09C,2021,l5_ctrl,09C,C,L5,6,2,45,4,15.83333333,0,0,0,0,0,0,39.16666667,201,3.763070211,188.1998497,NA,NA,NA,NA,NA,NA,NA,NA,NA,NA,NA,NA,NA,NA,NA,NA,NA,NA,NA,NA,NA,NA
2021_09D,2021,l5_ws,09D,D,L5,6.166666667,2.166666667,27.5,4,20,0,0,0,0,0,0,52.5,201,2.39188255,96.88655167,15.4574688,NA,NA,NA,NA,NA,NA,NA,NA,NA,NA,NA,NA,NA,NA,NA,NA,NA,NA,NA,NA,NA
2021_10A,2021,l5_wslc,10A,A,L5,5.333333333,2.333333333,41.66666667,2.833333333,14.16666667,0,0,0,0,0,0,44.16666667,201,0.590109609,96.29966739,4.089273039,NA,NA,NA,NA,NA,NA,NA,NA,NA,NA,NA,NA,NA,NA,NA,NA,NA,NA,NA,NA,NA
2021_10B,2021,l5_lc,10B,B,L5,4.833333333,2.5,58.33333333,2.166666667,10,0.333333333,0.333333333,1,0,0,0,31.33333333,201,1.653003945,138.5793152,5.989914261,NA,NA,NA,NA,NA,NA,NA,NA,NA,NA,NA,NA,NA,NA,NA,NA,NA,NA,NA,NA,NA
2021_10C,2021,l5_ws,10C,C,L5,5.5,2,38.33333333,3.5,36.66666667,0,0,0,0,0,0,25,201,1.381329685,141.6941211,12.67957823,NA,NA,NA,NA,NA,NA,NA,NA,NA,NA,NA,NA,NA,NA,NA,NA,NA,NA,NA,NA,NA
2021_10D,2021,l5_ctrl,10D,D,L5,5.5,2.5,45,3.166666667,21.66666667,0,0,0,0,0,0,33.33333333,201,1.959809189,64.64250924,15.60505414,NA,NA,NA,NA,NA,NA,NA,NA,NA,NA,NA,NA,NA,NA,NA,NA,NA,NA,NA,NA,NA
2021_11A,2021,l20_wslc,11A,A,L20,5.166666667,2.5,43.33333333,2.666666667,10,0,0,0,0,0,0,46.66666667,201,0,180.4286506,8.141677645,NA,NA,NA,NA,NA,NA,NA,NA,NA,NA,NA,NA,NA,NA,NA,NA,NA,NA,NA,NA,NA
2021_11B,2021,l20_lc,11B,B,L20,4.666666667,2.5,51.66666667,2.166666667,15.83333333,0,0,0,0,0,0,32.5,201,2.315667292,60.59926117,27.58682495,NA,NA,NA,NA,NA,NA,NA,NA,NA,NA,NA,NA,NA,NA,NA,NA,NA,NA,NA,NA,NA
2021_11C,2021,l20_ws,11C,C,L20,5.333333333,2.666666667,40,2.5,18.16666667,0.166666667,1.666666667,1,0,0,0,40.16666667,201,4.015941986,193.37765,23.6028475,NA,NA,NA,NA,NA,NA,NA,NA,NA,NA,NA,NA,NA,NA,NA,NA,NA,NA,NA,NA,NA
2021_11D,2021,l20_ctrl,11D,D,L20,5,2.833333333,66.66666667,2.166666667,8.333333333,0,0,0,0,0,0,25,201,4.969157757,NA,16.42299564,NA,NA,NA,NA,NA,NA,NA,NA,NA,NA,NA,NA,NA,NA,NA,NA,NA,NA,NA,NA,NA
2021_12A,2021,h5_wslc,12A,A,H5,4.166666667,2.166666667,70,2,16.66666667,0,0,0,0,0,0,13.33333333,201,5.639157709,154.982435,8.846953549,NA,NA,NA,NA,NA,NA,NA,NA,NA,NA,NA,NA,NA,NA,NA,NA,NA,NA,NA,NA,NA
2021_12B,2021,h5_lc,12B,B,H5,4.666666667,1.666666667,62.5,3,20,0,0,0,0,0,0,19.16666667,201,1.545482644,173.7344299,12.94697108,NA,NA,NA,NA,NA,NA,NA,NA,NA,NA,NA,NA,NA,NA,NA,NA,NA,NA,NA,NA,NA
2021_12C,2021,h5_ws,12C,C,H5,6.5,2.5,45,4,35,0,0,0,0,0,0,20,203,2.088628341,186.0960233,35.39757938,NA,NA,NA,NA,NA,NA,NA,NA,NA,NA,NA,NA,NA,NA,NA,NA,NA,NA,NA,NA,NA
2021_12D,2021,h5_ctrl,12D,D,H5,6.833333333,2.666666667,34.16666667,4.166666667,42.5,0,0,0,0,0,0,23.33333333,203,2.734931106,86.77692356,24.25930785,NA,NA,NA,NA,NA,NA,NA,NA,NA,NA,NA,NA,NA,NA,NA,NA,NA,NA,NA,NA,NA
2021_13A,2021,l20_wslc,13A,A,L20,5.833333333,2,30,3.5,30,0,0,0,0,0,0,40,202,3.300025441,176.7928686,28.9078442,NA,NA,NA,NA,NA,NA,NA,NA,NA,NA,NA,NA,NA,NA,NA,NA,NA,NA,NA,NA,NA
2021_13B,2021,l20_lc,13B,B,L20,7.666666667,1.833333333,27.5,5.666666667,31.66666667,0.166666667,0.166666667,1,0,0,0,40.66666667,202,1.94432685,207.5492652,23.97793643,NA,NA,NA,NA,NA,NA,NA,NA,NA,NA,NA,NA,NA,NA,NA,NA,NA,NA,NA,NA,NA
2021_13C,2021,l20_ws,13C,C,L20,5.833333333,1.5,29.16666667,4,26.66666667,0.333333333,1.333333333,1,0,0,0,42.83333333,202,6.982073411,245.9225,32.30375149,NA,NA,NA,NA,NA,NA,NA,NA,NA,NA,NA,NA,NA,NA,NA,NA,NA,NA,NA,NA,NA
2021_13D,2021,l20_ctrl,13D,D,L20,6,1.666666667,30,4.166666667,25,0.166666667,0.5,1,0,0,0,44.5,202,4.891579499,NA,32.60686599,NA,NA,NA,NA,NA,NA,NA,NA,NA,NA,NA,NA,NA,NA,NA,NA,NA,NA,NA,NA,NA
2021_14A,2021,l5_wslc,14A,A,L5,5.333333333,1.666666667,40,3.666666667,35.83333333,0,0,0,0,0,0,24.16666667,202,2.074713335,141.80795,5.962690303,NA,NA,NA,NA,NA,NA,NA,NA,NA,NA,NA,NA,NA,NA,NA,NA,NA,NA,NA,NA,NA
2021_14B,2021,l5_lc,14B,B,L5,6,1.833333333,43.33333333,4.166666667,31.66666667,0,0,0,0,0,0,25,202,0.349434283,246.6296536,6.17695259,NA,NA,NA,NA,NA,NA,NA,NA,NA,NA,NA,NA,NA,NA,NA,NA,NA,NA,NA,NA,NA
2021_14C,2021,l5_ws,14C,C,L5,6.166666667,1.666666667,20.83333333,4.333333333,35.83333333,0.166666667,0.166666667,1,0,0,0,43.16666667,202,4.213299025,NA,13.40492601,NA,NA,NA,NA,NA,NA,NA,NA,NA,NA,NA,NA,NA,NA,NA,NA,NA,NA,NA,NA,NA
2021_14D,2021,l5_ctrl,14D,D,L5,5.333333333,1.5,50,3.833333333,25.83333333,0,0,0,0,0,0,24.16666667,202,2.373027163,84.18542327,10.67057074,NA,NA,NA,NA,NA,NA,NA,NA,NA,NA,NA,NA,NA,NA,NA,NA,NA,NA,NA,NA,NA
2021_15A,2021,l20_wslc,15A,A,L20,6.333333333,2.333333333,21.66666667,4,40.83333333,0,0,0,0,0,0,37.5,203,4.397001458,226.4728933,30.6598797,NA,NA,NA,NA,NA,NA,NA,NA,NA,NA,NA,NA,NA,NA,NA,NA,NA,NA,NA,NA,NA
2021_15B,2021,l20_lc,15B,B,L20,4.666666667,2.166666667,67.5,2.333333333,13.33333333,0.166666667,0.166666667,1,0,0,0,19,203,0.939304186,181.56345,22.32209275,NA,NA,NA,NA,NA,NA,NA,NA,NA,NA,NA,NA,NA,NA,NA,NA,NA,NA,NA,NA,NA
2021_15C,2021,l20_ws,15C,C,L20,5.666666667,2.166666667,54.16666667,3.333333333,21.66666667,0.166666667,0.166666667,1,0,0,0,24,203,5.173611158,132.0048398,29.26566871,NA,NA,NA,NA,NA,NA,NA,NA,NA,NA,NA,NA,NA,NA,NA,NA,NA,NA,NA,NA,NA
2021_15D,2021,l20_ctrl,15D,D,L20,5.333333333,2.166666667,60,3.166666667,23.33333333,0,0,0,0,0,0,16.66666667,203,3.868396419,53.23867097,39.62442665,NA,NA,NA,NA,NA,NA,NA,NA,NA,NA,NA,NA,NA,NA,NA,NA,NA,NA,NA,NA,NA
2021_16A,2021,l20_wslc,16A,A,L20,4.5,1.333333333,38.33333333,2.666666667,21.66666667,0,0,0,0,0,0,40,203,3.922977224,245.071,30.06155012,NA,NA,NA,NA,NA,NA,NA,NA,NA,NA,NA,NA,NA,NA,NA,NA,NA,NA,NA,NA,NA
2021_16B,2021,l20_lc,16B,B,L20,5.166666667,1.833333333,28.33333333,3.333333333,30,0,0,0,0,0,0,41.66666667,203,6.784942638,NA,36.19894749,NA,NA,NA,NA,NA,NA,NA,NA,NA,NA,NA,NA,NA,NA,NA,NA,NA,NA,NA,NA,NA
2021_16C,2021,l20_ws,16C,C,L20,5.833333333,2.5,70.83333333,3.166666667,17.5,0.166666667,0.833333333,1,0,0,0,10.83333333,203,2.331045081,140.5431174,9.073798517,NA,NA,NA,NA,NA,NA,NA,NA,NA,NA,NA,NA,NA,NA,NA,NA,NA,NA,NA,NA,NA
2021_16D,2021,l20_ctrl,16D,D,L20,6.5,2.166666667,25,3.666666667,29.16666667,0,0,0,0,0,0,45.83333333,203,2.34321902,85.49099831,11.27134661,NA,NA,NA,NA,NA,NA,NA,NA,NA,NA,NA,NA,NA,NA,NA,NA,NA,NA,NA,NA,NA
2021_17A,2021,h20_wlc,17A,A,H20,5.833333333,2.166666667,61.66666667,3.333333333,19.66666667,0.333333333,0.333333333,1,0,0,0,18.33333333,202,3.862521657,NA,NA,NA,NA,NA,NA,NA,NA,NA,NA,NA,NA,NA,NA,NA,NA,NA,NA,NA,NA,NA,NA,NA
2021_17B,2021,h20_lc,17B,B,H20,5.333333333,2.166666667,49.16666667,2.666666667,17.5,0.333333333,1,1,0,0,0,32.33333333,202,4.866145883,255.2152282,14.22044915,NA,NA,NA,NA,NA,NA,NA,NA,NA,NA,NA,NA,NA,NA,NA,NA,NA,NA,NA,NA,NA
2021_17C,2021,h20_ws,17C,C,H20,7.5,2.833333333,27.5,4.666666667,25.83333333,0,0,0,0,0,0,46.66666667,202,2.053434262,NA,12.80659956,NA,NA,NA,NA,NA,NA,NA,NA,NA,NA,NA,NA,NA,NA,NA,NA,NA,NA,NA,NA,NA
2021_17D,2021,h20_ctrl,17D,D,H20,5.333333333,2.166666667,71.66666667,3.166666667,15.83333333,0,0,0,0,0,0,12.5,202,2.641649865,249.7884385,13.08278622,NA,NA,NA,NA,NA,NA,NA,NA,NA,NA,NA,NA,NA,NA,NA,NA,NA,NA,NA,NA,NA
2021_18A,2021,h5_wslc,18A,A,H5,6.166666667,2,36.66666667,4.166666667,41.66666667,0,0,0,0,0,0,21.66666667,202,2.824664757,NA,31.11672959,NA,NA,NA,NA,NA,NA,NA,NA,NA,NA,NA,NA,NA,NA,NA,NA,NA,NA,NA,NA,NA
2021_18B,2021,h5_lc,18B,B,H5,6.5,1.5,27.5,5,35,0,0,0,0,0,0,37.5,202,1.5504154,63.26375125,21.84759667,NA,NA,NA,NA,NA,NA,NA,NA,NA,NA,NA,NA,NA,NA,NA,NA,NA,NA,NA,NA,NA
2021_18C,2021,h5_ws,18C,C,H5,7,2.666666667,47.5,4.333333333,23.33333333,0,0,0,0,0,0,29.16666667,202,4.362501036,159.0833196,9.704354826,NA,NA,NA,NA,NA,NA,NA,NA,NA,NA,NA,NA,NA,NA,NA,NA,NA,NA,NA,NA,NA
2021_18D,2021,h5_ctrl,18D,D,H5,6.333333333,2,64.16666667,4.166666667,23.33333333,0.166666667,0.166666667,1,0,0,0,12.33333333,202,2.023885288,94.7478127,6.026623041,NA,NA,NA,NA,NA,NA,NA,NA,NA,NA,NA,NA,NA,NA,NA,NA,NA,NA,NA,NA,NA
2021_19A,2021,h20_wlc,19A,A,H20,6.333333333,2.333333333,37.5,4,26.66666667,0,0,0,0,0,0,35.83333333,202,0.860683553,21.76511348,8.70610923,NA,NA,NA,NA,NA,NA,NA,NA,NA,NA,NA,NA,NA,NA,NA,NA,NA,NA,NA,NA,NA
2021_19B,2021,h20_lc,19B,B,H20,5.333333333,2.333333333,46.66666667,3,20.83333333,0,0,0,0,0,0,32.5,202,3.367585923,212.0553719,7.770618221,NA,NA,NA,NA,NA,NA,NA,NA,NA,NA,NA,NA,NA,NA,NA,NA,NA,NA,NA,NA,NA
2021_19C,2021,h20_ws,19C,C,H20,5.166666667,2.166666667,38.33333333,3,28.33333333,0,0,0,0,0,0,33.33333333,202,5.428991421,239.8955126,13.69172675,NA,NA,NA,NA,NA,NA,NA,NA,NA,NA,NA,NA,NA,NA,NA,NA,NA,NA,NA,NA,NA
2021_19D,2021,h20_ctrl,19D,D,H20,4.166666667,1.666666667,51.66666667,2.333333333,29.16666667,0,0,0,0.166666667,1,0.166666667,19,202,3.29400919,158.7945956,16.84557868,NA,NA,NA,NA,NA,NA,NA,NA,NA,NA,NA,NA,NA,NA,NA,NA,NA,NA,NA,NA,NA
2021_20A,2021,h5_wslc,20A,A,H5,5,2,63.33333333,3,15,0,0,0,0,0,0,21.66666667,202,1.08014552,185.7470424,10.09029564,NA,NA,NA,NA,NA,NA,NA,NA,NA,NA,NA,NA,NA,NA,NA,NA,NA,NA,NA,NA,NA
2021_20B,2021,h5_lc,20B,B,H5,6,2.833333333,51.66666667,3.166666667,27.5,0,0,0,0,0,0,20.83333333,202,4.253304165,137.9615282,10.72837777,NA,NA,NA,NA,NA,NA,NA,NA,NA,NA,NA,NA,NA,NA,NA,NA,NA,NA,NA,NA,NA
2021_20C,2021,h5_ws,20C,C,H5,5,1.833333333,46.66666667,3,32.5,0,0,0,0.333333333,1,1,21.5,203,1.395971211,155.67896,11.65170365,NA,NA,NA,NA,NA,NA,NA,NA,NA,NA,NA,NA,NA,NA,NA,NA,NA,NA,NA,NA,NA
2021_20D,2021,h5_ctrl,20D,D,H5,7,2.333333333,47.5,4.5,17.5,0.166666667,0.5,1,0.166666667,1,0.166666667,34.33333333,203,3.53162078,103.5145936,21.68005434,NA,NA,NA,NA,NA,NA,NA,NA,NA,NA,NA,NA,NA,NA,NA,NA,NA,NA,NA,NA,NA
2022_01A,2022,l20_wslc,01A,A,L20,8.833333333,2.333333333,32.5,6.5,50,0,0,0,0,0,0,17.5,193,3.489940782,7.185139953,21.02128154,9.59,5.9,2.57,71,6,43,1022,218,135,13,0.36,202,81,1.6,2.96,525,0.7,1.6,1.15,38.4,-0.6
2022_01B,2022,l20_lc,01B,B,L20,7.166666667,2.5,34.16666667,4.666666667,30,0,0,0,0,0,0,35.83333333,193,4.401731095,7.265828858,22.85143896,10.9,7,3.12,81,7,19,1286,435,95,27,0.43,116,59,1.84,1.57,424,1.8,1.9,1.45,-26.15,-1.4
2022_01C,2022,l20_ws,01C,C,L20,7.666666667,3,25.83333333,4.666666667,31.66666667,0,0,0,0,0,0,42.5,193,0.63419271,6.723975159,27.27504883,11.21,6.1,2.03,61,5,23,1223,306,157,10,0.28,156,63,1.48,2.07,488,0.6,4.1,1.16,15.1,0.9
2022_01D,2022,l20_ctrl,01D,D,L20,8,2.833333333,40.83333333,5.166666667,35,0,0,0,0,0,0,24.16666667,193,2.179240621,10.00890526,10.42710155,10.13,6.2,3.08,81,8,17,1141,288,89,12,0.26,131,42,1.21,1.09,486,2.4,0.5,1.28,18.3,0.2
2022_02A,2022,l5_wslc,02A,A,L5,7.166666667,2.833333333,54.16666667,4,20,0,0,0,0.333333333,1,0.833333333,25,193,3.456193187,9.307314805,21.494747,11.78,7.1,3.6,86,5,30,1432,460,94,10,0.56,112,82,1.76,1.99,418,1.6,13.5,1.65,-6.55,0.55
2022_02B,2022,l5_lc,02B,B,L5,6.166666667,2.333333333,38.33333333,3.666666667,20,0,0,0,0.166666667,1,0.833333333,40.83333333,193,4.078412882,5.561025831,17.99315262,15,7.1,3.9,89,5,26,1866,562,118,10,0.62,117,76,2.04,1.8,524,1.1,7,2.14,8.1,-0.35
2022_02C,2022,l5_ws,02C,C,L5,8.166666667,3,45.83333333,5,16.66666667,0,0,0,0.166666667,1,0,37.5,193,3.046816241,10.86568202,8.817464372,11.18,7,3.21,82,5,15,1385,420,84,11,0.5,124,54,1.73,1.1,478,0,4,1.77,-21.35,-1.4
2022_02D,2022,l5_ctrl,02D,D,L5,8.166666667,2.833333333,30.83333333,4.833333333,29.16666667,0,0,0,0.5,1,2.166666667,37.83333333,193,1.166630224,8.345308699,7.086202438,13.2,7,3.86,89,5,19,1660,484,92,11,0.4,118,41,1.81,1.18,526,0.5,12.6,1.66,24.95,0.25
2022_03A,2022,l20_wslc,03A,A,H5,6.166666667,2,21.66666667,3.666666667,42.5,0,0,0,0.5,1,3.333333333,32.5,193,1.970404672,7.096332911,11.2334325,17.34,7.2,4.84,98,5,38,2106,679,145,11,0.83,114,56,2.13,1.96,533,0.6,6.6,2.34,15.3,-0.2
2022_03B,2022,l20_lc,03B,B,H5,7.666666667,2.166666667,19.16666667,4.666666667,27.5,0.166666667,1.166666667,1,0.666666667,1,4.5,47.66666667,193,10.18279074,9.36201023,9.140808248,14.16,7.4,4.34,93,5,36,1699,566,135,9,0.71,99,67,1.9,1.88,469,3.4,19.7,2.29,-18.6,-5.25
2022_03C,2022,l20_ws,03C,C,H5,6.833333333,2.833333333,29.16666667,3.833333333,22.5,0,0,0,0.166666667,1,6.666666667,41.66666667,193,1.310641731,10.85228723,2.513193943,16.15,6.9,3.67,87,6,24,2061,550,92,14,0.54,147,38,2.09,1.18,601,0.8,0,1.7,-28.95,-1.05
2022_03D,2022,l20_ctrl,03D,D,H5,6.666666667,2.166666667,17.5,4.5,20,0,0,0,0,0,0,62.5,193,2.557256555,7.496516789,1.203905945,14.24,7.7,3.23,82,5,24,1684,598,102,11,0.66,118,66,1.99,1.15,475,0.8,0,1.49,-42.4,-6.55
2022_04A,2022,l5_wslc,04A,A,L5,4.5,2,26.66666667,2.5,15,0,0,0,0,0,0,58.33333333,193,4.776019565,11.97204809,4.097551486,15.23,6.6,3.52,85,6,35,1770,525,121,12,0.38,148,53,1.57,1.5,576,3.2,0.5,1.65,6,-0.1
2022_04B,2022,l5_lc,04B,B,L5,6.333333333,2.333333333,20.83333333,4,25,0,0,0,0,0,0,54.16666667,193,4.727460035,10.6954193,6.447502291,15.41,7.9,3,80,5,34,2105,482,111,11,0.64,97,110,1.67,1.27,376,0,0,2.93,-24.1,-7.2
2022_04C,2022,l5_ws,04C,C,L5,6.666666667,2.666666667,21.66666667,3.166666667,17.5,0.166666667,0.166666667,1,0.666666667,1,11.66666667,49,193,1.72174219,8.271279136,11.06393932,12.6,6.2,2.96,79,7,29,1357,389,138,12,0.28,116,52,0.96,0.79,592,0,1,1.39,-14.15,-1.75
2022_04D,2022,l5_ctrl,04D,D,L5,5.666666667,2.333333333,21.66666667,3.333333333,15,0,0,0,0,0,0,63.33333333,193,2.161948855,10.21565156,4.49542923,13.52,7.8,3.17,82,5,24,1582,574,116,10,0.58,96,125,1.67,1.24,458,0,0,1.84,-9,-0.6
2022_05A,2022,h20_wlc,05A,A,H20,6,1.333333333,5.833333333,4.666666667,76.66666667,0,0,0,0,0,0,17.5,194,2.004454504,6.436004725,7.209817877,19.65,7.3,7.25,111,10,57,2277,821,126,68,0.76,294,50,2.95,3.38,459,2,0,3.12,10.95,0.8
2022_05B,2022,h20_lc,05B,B,H20,6,3,70.83333333,3,17.5,0,0,0,0,0,0,11.66666667,194,2.873846648,8.910792553,9.160992755,17.37,7.1,6.57,108,14,55,1951,747,145,63,0.66,317,48,2.76,3.01,504,3.1,0,3.37,26.25,0.7
2022_05C,2022,h20_ws,05C,C,H20,7.166666667,2.833333333,23.33333333,4.333333333,36.66666667,0,0,0,0,0,0,40,194,1.670150053,7.585458567,15.67041298,15.97,6.5,4.09,91,6,21,1766,574,108,22,0.47,156,45,2.13,1.68,600,0,0,1.83,7.15,-0.36
2022_05D,2022,h20_ctrl,05D,D,H20,7.5,2.833333333,30.83333333,4.666666667,29.16666667,0,0,0,0,0,0,40,194,2.593219436,4.465214535,4.603389955,18.24,6.6,4.71,97,6,29,2020,696,107,21,0.53,170,45,2.23,1.55,636,0,0,2.3,9.65,0.85
2022_06A,2022,h5_wslc,06A,A,H5,6.5,2.166666667,20,4.333333333,44.16666667,0,0,0,0,0,0,35.83333333,194,1.664423171,7.086828404,3.129298621,15.83,6.5,3.44,84,6,19,1884,498,92,15,0.36,165,37,2.01,1.07,575,0,0,1.55,5.3,-0.55
2022_06B,2022,h5_lc,06B,B,H5,8,3.166666667,30,4.666666667,30,0,0,0,0.166666667,1,1.166666667,38.83333333,194,11.54661305,9.378280614,3.87297345,15.1,7,3.78,88,5,16,1867,578,92,12,0.49,128,43,2.17,1.33,583,0,0,1.86,9,-0.3
2022_06C,2022,h5_ws,06C,C,H5,5,2.333333333,35,2.5,39.16666667,0,0,0,0.166666667,1,0.833333333,25,194,1.482820037,12.09956313,9.679155386,16.43,6.7,5.3,102,7,39,1986,550,135,14,0.65,206,34,1.88,2.14,479,1.5,0,2.57,39.3,0.9
2022_06D,2022,h5_ctrl,06D,D,H5,6.833333333,2.666666667,37.5,4.166666667,34.16666667,0,0,0,0,0,0,28.33333333,194,0.48979016,8.538557317,5.668573133,15.74,7.1,3.61,86,5,21,1848,659,101,16,0.58,140,55,1.98,1.33,543,0,0,1.69,30.4,-0.45
2022_07A,2022,h20_wlc,07A,A,H20,5.333333333,1.833333333,35.83333333,3.5,24.16666667,0,0,0,0,0,0,40,194,0,2.680904107,4.7283606,15.09,6.8,3.15,82,5,16,1895,503,85,14,0.4,164,51,1.71,1.17,553,0,0,1.51,30.4,0.15
2022_07B,2022,h20_lc,07B,B,H20,7.333333333,2.5,20.83333333,4.833333333,50.83333333,0,0,0,0,0,0,28.33333333,194,0.102109234,1.579381356,7.063104666,10.85,6.3,2.87,77,6,22,1231,321,109,11,0.3,118,40,0.96,0.81,539,0,0,1.28,8.85,0.4
2022_07C,2022,h20_ws,07C,C,H20,6.5,2.833333333,29.16666667,3.5,18.33333333,0,0,0,0.166666667,1,0.5,52,194,0.078602861,2.22098227,4.756873734,14.15,7.9,3.14,81,5,25,1843,497,93,13,0.7,127,70,2.05,1.05,391,0,0,2.25,18.7,0.3
2022_07D,2022,h20_ctrl,07D,D,H20,6.166666667,2.833333333,40,3.333333333,22.5,0,0,0,0,0,0,37.5,194,0,3.820625783,5.93811074,11.97,7.2,3.35,84,5,27,1490,445,100,11,0.48,144,61,1.75,1.16,483,0.7,0,1.37,-20.45,-3
2022_08A,2022,h20_wlc,08A,A,H20,6.833333333,2.333333333,25,3.833333333,36.66666667,0,0,0,0.666666667,1,8.333333333,30,194,0.642213339,3.185169934,9.98206874,9.79,5.5,2.87,77,6,28,818,216,117,9,0.22,119,38,0.65,0.67,605,0,0,1.71,5.5,2.5
2022_08B,2022,h20_lc,08B,B,H20,5.833333333,2.166666667,27.5,3.333333333,17.5,0,0,0,0.333333333,1,1.666666667,53.33333333,194,0,2.305454788,4.788568303,14.45,7.6,4.76,98,5,24,1706,601,128,9,0.73,138,104,1.58,2.49,485,0,0,2.46,20.25,-0.8
2022_08C,2022,h20_ws,08C,C,H20,6.333333333,2.166666667,17.5,4.166666667,20,0,0,0,0,0,0,62.5,194,2.639937076,4.681890352,5.572557026,12.69,7.3,3.39,84,5,45,1634,435,128,11,0.53,187,73,1.91,1.63,516,0,0,1.75,-15,-4.5
2022_08D,2022,h20_ws,08D,D,H20,5.833333333,2,29.16666667,3.333333333,15,0,0,0,0.5,1,7.5,48.33333333,194,0,4.418018485,4.063076762,10.27,7,2.58,72,5,44,1427,275,137,10,0.32,139,64,1.08,1.04,519,0,0,1.36,8.6,-2.85
2022_09A,2022,l5_wslc,09A,A,L5,5.666666667,2.333333333,15,3.333333333,44.16666667,0,0,0,0,0,0,40.83333333,195,0.022168452,4.430128562,8.063285029,14.5,7.4,3.85,88,11,23,1447,754,99,34,0.57,164,60,2.06,1.31,464,1.3,0,2.12,9.15,-0.2
2022_09B,2022,l5_lc,09B,B,L5,5.833333333,2.166666667,18.33333333,3.333333333,41.66666667,0,0,0,0.333333333,1,5,35,195,0.652601903,2.022883389,0,13.7,7.7,3.16,82,5,29,1660,544,121,11,0.6,102,75,1.87,1.23,434,0,0,2.15,12.55,-0.6
2022_09C,2022,l5_ctrl,09C,C,L5,6.666666667,2.666666667,19.16666667,4,43.33333333,0,0,0,0,0,0,37.5,195,3.4501272,1.585705947,3.006265723,15,6.8,3.47,85,5,17,1666,626,88,21,0.45,135,50,1.7,1.08,554,0,0,1.63,10.95,0.55
2022_09D,2022,l5_ws,09D,D,L5,6.333333333,2.833333333,22.5,3.5,30.83333333,0,0,0,0,0,0,46.66666667,195,5.30659902,1.992157342,NA,12.95,7.9,3.15,82,4,17,1618,495,90,12,0.66,98,66,1.85,0.76,433,0,0,1.99,3.7,-0.6
2022_10A,2022,l5_wslc,10A,A,L5,7,3,17.5,3.833333333,34.16666667,0,0,0,0.166666667,1,3.333333333,45,195,0,5.542707827,4.838626138,11.96,7.4,3.17,82,5,16,1426,492,76,14,0.44,127,53,1.64,0.83,475,0,0,1.38,29.2,0.65
2022_10B,2022,l5_lc,10B,B,L5,6.666666667,3,34.16666667,3.5,19.16666667,0.166666667,0.833333333,1,0,0,0,45.83333333,195,0,5.699118097,0.613208485,12.62,7.8,3.11,81,4,13,1543,504,75,13,0.65,104,81,1.8,0.8,451,0,0,1.48,13.85,0.45
2022_10C,2022,l5_ws,10C,C,L5,6.333333333,2.333333333,28.33333333,4,36.66666667,0,0,0,0,0,0,35,195,0.165459243,5.498401938,7.520295897,10.67,6.6,3.32,83,5,19,1272,349,78,11,0.3,139,52,1.13,0.79,496,0,0.5,1.41,18.75,0.45
2022_10D,2022,l5_ctrl,10D,D,L5,7.166666667,2.666666667,20,4.333333333,28.33333333,0,0,0,0.166666667,1,0.833333333,50.83333333,195,0,4.550809777,1.72019129,11.31,7.2,3.29,83,4,17,1417,420,77,11,0.42,113,73,1.57,1,495,0,0,1.31,12.45,0.2
2022_11A,2022,l20_wslc,11A,A,L20,5.833333333,2.666666667,43.33333333,3,19.16666667,0,0,0,0.166666667,1,2.5,35,195,0.223028064,6.390728814,0.995938274,15.1,7.8,3.12,81,5,24,1781,639,105,14,0.71,134,99,2.16,1.17,507,0,0,1.46,16.15,2.55
2022_11B,2022,l20_lc,11B,B,L20,6.5,2.5,41.66666667,4,17.5,0,0,0,0,0,0,40.83333333,195,0.556825308,4.549182363,15.14381626,12.98,7.8,2.99,80,4,31,1567,525,100,11,0.56,148,87,1.82,1.15,439,1,0,1.67,16.95,2.5
2022_11C,2022,l20_ws,11C,C,L20,6.333333333,2.5,17.5,3.666666667,21.66666667,0,0,0,0.166666667,1,0.833333333,60,195,0.462935936,279.4799585,5.213141651,14.47,7.7,2.91,78,4,21,1698,618,95,11,0.61,100,82,1.75,0.91,493,0,0,1.32,12.65,1.55
2022_11D,2022,l20_ctrl,11D,D,L20,5.666666667,2.166666667,15,3.333333333,27.5,0,0,0,0.166666667,1,1.666666667,55.83333333,195,0.036989582,148.5229998,0.38396872,11.79,7.8,2.79,76,4,20,1469,445,104,11,0.61,91,105,1.47,0.77,473,0,0,1.3,8.95,1.3
2022_12A,2022,h5_wslc,12A,A,H5,5.166666667,2.166666667,40,3,15,0,0,0,0,0,0,45,195,3.099859037,5.809855512,2.47400305,13.08,7.4,3.54,85,5,45,1899,324,122,11,0.59,140,109,1.75,1.13,547,0.9,0,1.73,23.45,2
2022_12B,2022,h5_lc,12B,B,H5,5.5,2,33.33333333,2.833333333,17.5,0,0,0,0.666666667,1,3.833333333,45.33333333,195,4.854882575,6.422840682,1.997065278,14.08,7.5,3.67,87,5,53,2157,276,147,15,0.63,154,107,1.64,1.18,518,1.5,0,1.57,21.6,0.75
2022_12C,2022,h5_ws,12C,C,H5,7.5,2.666666667,25,4.333333333,29.16666667,0.5,1.833333333,1,0,0,0,44,195,0.675059863,9.352846901,4.000382548,11.09,6.3,2.97,79,6,38,1286,306,128,12,0.22,122,54,0.78,0.6,628,0,0,1.21,32.8,0.7
2022_12D,2022,h5_ctrl,12D,D,H5,5.5,2.166666667,21.66666667,3.333333333,37.5,0,0,0,0,0,0,40.83333333,195,0.551541082,8.102380057,1.562828194,11.05,6.7,3.16,82,5,50,1440,294,133,10,0.28,129,50,0.84,0.74,564,0,0,1.58,19.6,0.2
2022_13A,2022,l20_wslc,13A,A,L20,6.333333333,2.333333333,15,3.833333333,43.33333333,0.166666667,0.166666667,1,0,0,0,41.5,200,0,404.1498915,7.161438661,14.53,6.7,3.54,85,6,35,1699,512,130,23,0.53,182,85,1.72,1.64,529,1.4,0,1.6,30,1.5
2022_13B,2022,l20_lc,13B,B,L20,7,3.5,30.83333333,3.5,33.33333333,0,0,0,0,0,0,35.83333333,200,0,207.6956045,4.329081275,15.29,7.7,3.71,87,9,30,1536,759,118,95,0.78,185,102,2.4,1.68,522,0,0,1.58,20.85,0.05
2022_13C,2022,l20_ws,13C,C,L20,6.666666667,2.5,20,4.166666667,42.5,0,0,0,0,0,0,37.5,200,0,1.580800631,6.819399554,15.27,6.7,2.92,78,5,16,1823,529,102,18,0.45,195,94,1.97,1.33,601,0,0,1.36,30.65,1.6
2022_13D,2022,l20_ctrl,13D,D,L20,7,2.666666667,11.66666667,4.333333333,40,0,0,0,0,0,0,48.33333333,200,0.355473247,2.079187093,0.111659162,14.16,7.4,3.02,80,5,16,1506,679,104,31,0.6,147,111,2.35,1.38,526,0.5,0,1.32,27.8,-0.7
2022_14A,2022,l5_wslc,14A,A,L5,6.5,2.5,10,4,66.66666667,0,0,0,0,0,0,23.33333333,200,0,1.518340953,3.13779691,17.74,7.6,4.17,92,9,34,1756,934,117,47,0.66,200,90,2.67,1.81,522,3.9,0,1.84,16.75,1.6
2022_14B,2022,l5_lc,14B,B,L5,6.5,2.5,18.33333333,4,38.33333333,0,0,0,0,0,0,43.33333333,200,0.216767715,2.107845633,5.077874844,13.81,7.2,3.33,83,5,18,1626,573,108,11,0.53,121,73,1.8,1.11,559,0,0,1.45,19.7,1.4
2022_14C,2022,l5_ws,14C,C,L5,6,2.166666667,15,3.666666667,30.83333333,0.166666667,0.833333333,1,0,0,0,53.33333333,200,5.526285234,2.190251614,4.557678032,19.43,7.9,3.54,85,6,29,2539,682,117,16,0.64,162,121,2.69,1.7,411,0,0,2.33,34.25,0.45
2022_14D,2022,l5_ctrl,14D,D,L5,4.833333333,2.333333333,54.16666667,2.166666667,18.33333333,0,0,0,0.333333333,1,1.666666667,25.83333333,200,0.010748341,2.276383571,0.560852241,15.36,7.7,3.51,85,5,26,1737,693,107,14,0.76,149,102,2.38,1.18,528,0,0,1.39,7.3,0.15
2022_15A,2022,l20_wslc,15A,A,L20,6.666666667,2.833333333,22.5,3.666666667,29.16666667,0,0,0,0.166666667,1,1.666666667,46.66666667,200,0.78462885,1.66192384,4.998403743,15.17,7.9,3.33,83,5,22,1862,599,112,12,0.76,110,129,1.91,1.02,512,1,0,1.69,9.3,0.2
2022_15B,2022,l20_lc,15B,B,L20,5.666666667,2.333333333,22.5,3.166666667,28.33333333,0.166666667,0.833333333,1,0,0,0,48.33333333,200,0.096735064,2.002396239,4.827286005,12.55,7.5,3.39,84,4,21,1525,500,87,11,0.49,131,124,1.87,1.24,525,0,0.6,1.37,16,-0.5
2022_15C,2022,l20_ws,15C,C,L20,5.833333333,2.666666667,20.83333333,3.166666667,28.33333333,0,0,0,0,0,0,50.83333333,200,3.769308626,1.738707013,3.005718002,16.04,7.9,3.29,83,5,20,1974,631,121,10,0.75,114,135,1.91,1.01,536,0,0,1.67,26.5,-0.15
2022_15D,2022,l20_ctrl,15D,D,L20,6.666666667,2.666666667,25.83333333,3.833333333,19.16666667,0,0,0,0.166666667,1,0.833333333,54.16666667,200,0,2.459031219,2.87056097,13.45,7.9,2.75,75,4,17,1612,558,83,12,0.68,110,157,1.72,1.13,523,0,0,1.2,26.2,0.9
2022_16A,2022,l20_wslc,16A,A,L20,5.833333333,2.666666667,57.5,3.166666667,30.83333333,0,0,0,0,0,0,11.66666667,200,0.419631634,1.966790404,9.338914939,13.8,7.4,3.76,88,7,48,1605,576,144,12,0.76,227,116,2.15,1.7,555,1.3,0,1.95,-7.9,-0.24
2022_16B,2022,l20_lc,16B,B,L20,6.166666667,2.333333333,27.5,3.833333333,32.5,0,0,0,0,0,0,40,200,0.968022408,2.252942166,8.842384129,14.65,7.7,3.11,81,6,49,1818,562,110,13,0.67,197,113,2.2,1.44,531,2.7,0,1.63,-8.25,0.95
2022_16C,2022,l20_ws,16C,C,L20,7.666666667,2.833333333,30,4.833333333,25,0,0,0,0,0,0,45,200,1.844352427,0.806726223,7.548156928,12.67,6.7,2.36,67,5,16,1506,447,77,11,0.26,120,104,1.21,0.73,610,0,0,0.97,14.2,0.3
2022_16D,2022,l20_ctrl,16D,D,L20,6.5,3,31.66666667,3.333333333,23.33333333,0,0,0,0.166666667,1,0.833333333,44.16666667,200,0.132338941,2.031649186,7.372598117,12.85,7.5,2.86,77,5,34,1660,440,132,10,0.53,141,142,1.77,1.23,601,0,0,1.24,-1.75,-0.05
2022_17A,2022,h20_wlc,17A,A,H20,6.333333333,3,55,3.333333333,15,0,0,0,0,0,0,30,201,1.181662639,1.988323468,19.37430158,11.45,5.5,3.15,82,6,15,1022,233,72,11,0.26,177,35,1.09,0.81,485,1.8,3.7,1.22,26.25,0.4
2022_17B,2022,h20_lc,17B,B,H20,6.333333333,2.5,25.83333333,3.833333333,30.83333333,0,0,0,0,0,0,43.33333333,201,0.658365974,0.680913709,5.384819117,12.68,6.6,2.97,79,5,12,1539,402,82,13,0.41,176,40,1.65,1.08,496,0,0,1.27,28.4,1.05
2022_17C,2022,h20_ws,17C,C,H20,7.5,2.833333333,15,4.666666667,28.33333333,0,0,0,0,0,0,56.66666667,201,0.195171395,3.073645683,3.484969531,15.14,7.8,3.02,80,5,17,1939,551,102,11,0.83,119,79,1.99,0.92,449,0,0,1.69,34,2.65
2022_17D,2022,h20_ctrl,17D,D,H20,5.833333333,2.5,30,2.666666667,13.33333333,0,0,0,0.5,1,3.333333333,53.33333333,201,3.486964145,2.924352521,8.844873065,14.59,6.7,3.66,87,6,17,1817,459,110,13,0.52,178,44,2.34,1.53,536,0.5,0,1.5,25.4,-0.25
2022_18A,2022,h5_wslc,18A,A,H5,7.5,2.666666667,12.5,4.5,30,0.333333333,2.5,1,0,0,0,55,201,0.71979799,1.920350419,4.535609121,11.18,7.4,3.52,85,5,18,1318,464,88,11,0.49,122,75,1.66,1.05,448,3.2,1,1.44,48.4,0.95
2022_18B,2022,h5_lc,18B,B,H5,6.5,2.666666667,26.66666667,3.666666667,49.16666667,0.166666667,0.833333333,1,0,0,0,23.33333333,201,2.659392892,1.725655982,5.843187796,13.21,6.6,4.32,93,6,17,1503,475,98,13,0.36,151,76,1.58,1.26,503,11,0.6,1.72,5.4,1.9
2022_18C,2022,h5_ws,18C,C,H5,6.833333333,2.666666667,17.5,4,22.5,0,0,0,0.166666667,1,0.833333333,59.16666667,201,0.916165063,1.908272794,3.298545674,13.22,7.9,2.97,79,5,20,1535,574,95,12,0.76,168,97,2.05,1.28,492,1,0,1.34,15.8,0.75
2022_18D,2022,h5_ctrl,18D,D,H5,5.666666667,3.333333333,54.16666667,2.333333333,19.16666667,0,0,0,0,0,0,26.66666667,201,0,3.516894178,10.22296697,10.16,5.7,2.87,77,7,16,948,257,69,12,0.32,190,90,1.17,1.01,597,0,0,1.38,7.45,1.2
2022_19A,2022,h20_wlc,19A,A,H20,7.5,3,15.83333333,4.5,35.83333333,0,0,0,0.166666667,1,0.833333333,47.5,201,2.41117084,15.78462598,5.569748636,12.35,7.6,3.15,82,5,17,1492,496,91,12,0.74,176,70,2.21,1.45,491,0,0,1.48,8.6,0.8
2022_19B,2022,h20_lc,19B,B,H20,7,2.666666667,19.16666667,4.166666667,29.16666667,0.166666667,0.833333333,1,0,0,0,50.83333333,201,0,0,6.559818055,13.77,7.1,3.58,86,5,21,1737,499,114,10,0.75,179,59,2.66,1.88,511,1,0,1.72,-13.45,-1.55
2022_19C,2022,h20_ws,19C,C,H20,7.166666667,2.666666667,34.16666667,4.5,30.83333333,0,0,0,0,0,0,35,201,2.683051603,17.86330644,9.470731614,11.41,7.7,3.73,87,7,44,1371,452,121,12,0.67,203,62,2.08,1.67,414,2.1,0,1.74,2.9,0.95
2022_19D,2022,h20_ctrl,19D,D,H20,4.833333333,1.666666667,29.16666667,3.166666667,35,0,0,0,0,0,0,35.83333333,201,1.204768748,3.62203796,6.026403745,14.92,7.1,3.73,87,7,41,1881,540,122,13,0.79,250,72,3.25,2.36,548,0.8,2.1,1.91,10.8,-0.4
2022_20A,2022,h5_wslc,20A,A,H5,6.666666667,2.833333333,44.16666667,3.5,20,0.166666667,0.833333333,1,0.166666667,1,0.833333333,34.16666667,201,0.523017749,6.746237969,13.56991206,11.63,6.2,2.89,78,6,18,1283,355,81,12,0.38,240,61,1.47,1.16,542,0,0.5,1.32,19.5,1.75
2022_20B,2022,h5_lc,20B,B,H5,6,2.666666667,39.16666667,3,19.16666667,0.166666667,0.5,1,0.166666667,1,1.666666667,39.5,201,0.220607965,0.395084205,12.06770907,11.58,5.9,3.21,82,7,17,1155,338,81,11,0.26,230,67,1.18,1.21,595,0,0,1.48,27.6,3.24
2022_20C,2022,h5_ws,20C,C,H5,6.333333333,2.666666667,36.66666667,3.5,33.33333333,0,0,0,0.166666667,1,0.833333333,29.16666667,201,0.684761724,12.63799677,12.70548545,12.67,6.9,2.74,75,5,32,1534,470,109,11,0.52,231,46,2.21,1.45,515,1,0,1.2,6.9,2.35
2022_20D,2022,h5_ctrl,20D,D,H5,6.166666667,2.333333333,26.66666667,3.666666667,28.33333333,0,0,0,0.166666667,1,0.833333333,44.16666667,201,0.006746421,83.09514636,11.74556293,9.77,6.8,2.76,75,5,23,1200,334,78,11,0.36,149,66,1.09,0.95,470,0,1.7,1.08,19.62857143,-0.642857143
